T	Origin	Destination	Count
0	0	0	5.861543153400426
0	1	1	3.9707227813357733
0	2	0	3.3764649501154533
0	2	1	5.168242350310054
0	2	2	2.181715813920754
0	2	3	1.1344922232387924
0	3	0	2.3950391379485616
0	3	1	7.9414455626715466
0	3	2	0.9454101860323268
0	3	3	2.5210938294195384
0	1	0	7.8784182169360575
0	0	3	1.2605469147097692
0	1	3	1.1975195689742808
0	0	2	3.5115235481200715
0	1	2	0.9454101860323268
0	0	1	5.105215004574566
1	3	0	2.3950391379485616
1	3	3	2.5210938294195384
1	3	2	0.9454101860323268
1	3	1	7.9414455626715466
1	2	3	1.1344922232387924
1	2	2	2.181715813920754
1	2	1	5.168242350310054
1	2	0	3.3764649501154533
1	1	3	1.1975195689742808
1	1	1	3.9707227813357733
1	1	0	7.8784182169360575
1	0	3	1.2605469147097692
1	0	2	3.5115235481200715
1	0	1	5.105215004574566
1	0	0	5.861543153400426
1	1	2	0.9454101860323268
2	0	0	5.861543153400426
2	0	2	3.5115235481200715
2	0	3	1.2605469147097692
2	3	3	2.5210938294195384
2	3	2	0.9454101860323268
2	0	1	5.105215004574566
2	3	1	7.9414455626715466
2	3	0	2.3950391379485616
2	2	3	1.1344922232387924
2	2	2	2.181715813920754
2	2	1	5.168242350310054
2	2	0	3.3764649501154533
2	1	3	1.1975195689742808
2	1	2	0.9454101860323268
2	1	1	3.9707227813357733
2	1	0	7.8784182169360575
3	1	2	0.9454101860323268
3	1	3	1.1975195689742808
3	2	1	5.168242350310054
3	2	3	1.1344922232387924
3	2	2	2.181715813920754
3	3	0	2.3950391379485616
3	3	3	2.5210938294195384
3	1	1	3.9707227813357733
3	3	2	0.9454101860323268
3	0	0	5.861543153400426
3	0	3	1.2605469147097692
3	0	2	3.5115235481200715
3	1	0	7.8784182169360575
3	3	1	7.9414455626715466
3	0	1	5.105215004574566
3	2	0	3.3764649501154533
4	1	2	0.9454101860323268
4	3	2	0.9454101860323268
4	3	1	7.9414455626715466
4	3	0	2.3950391379485616
4	2	3	1.1344922232387924
4	2	2	2.181715813920754
4	2	1	5.168242350310054
4	2	0	3.3764649501154533
4	1	3	1.1975195689742808
4	1	1	3.9707227813357733
4	1	0	7.8784182169360575
4	0	3	1.2605469147097692
4	0	2	3.5115235481200715
4	0	1	5.105215004574566
4	0	0	5.861543153400426
4	3	3	2.5210938294195384
5	1	3	1.1975195689742808
5	2	1	5.168242350310054
5	2	0	3.3764649501154533
5	2	3	1.1344922232387924
5	3	0	2.3950391379485616
5	1	2	0.9454101860323268
5	3	1	7.9414455626715466
5	2	2	2.181715813920754
5	1	0	7.8784182169360575
5	0	3	1.2605469147097692
5	1	1	3.9707227813357733
5	0	2	3.5115235481200715
5	3	3	2.5210938294195384
5	0	1	5.105215004574566
5	0	0	5.861543153400426
5	3	2	0.9454101860323268
6	3	0	2.3950391379485616
6	1	2	0.9454101860323268
6	1	0	7.8784182169360575
6	3	1	7.9414455626715466
6	1	1	3.9707227813357733
6	3	2	0.9454101860323268
6	2	0	3.3764649501154533
6	2	3	1.1344922232387924
6	1	3	1.1975195689742808
6	3	3	2.5210938294195384
6	0	3	1.2605469147097692
6	0	2	3.5115235481200715
6	0	1	5.105215004574566
6	0	0	5.861543153400426
6	2	1	5.168242350310054
6	2	2	2.181715813920754
7	1	2	0.9454101860323268
7	1	0	7.8784182169360575
7	3	0	2.3950391379485616
7	2	1	5.168242350310054
7	2	3	1.1344922232387924
7	0	1	5.105215004574566
7	3	1	7.9414455626715466
7	0	2	3.5115235481200715
7	2	2	2.181715813920754
7	0	3	1.2605469147097692
7	0	0	5.861543153400426
7	2	0	3.3764649501154533
7	3	2	0.9454101860323268
7	1	3	1.1975195689742808
7	3	3	2.5210938294195384
7	1	1	3.9707227813357733
8	0	3	1.2605469147097692
8	1	2	0.9454101860323268
8	1	3	1.1975195689742808
8	0	0	5.861543153400426
8	2	3	1.1344922232387924
8	0	2	3.5115235481200715
8	3	0	2.3950391379485616
8	0	1	5.105215004574566
8	2	0	3.3764649501154533
8	1	0	7.8784182169360575
8	2	1	5.168242350310054
8	3	1	7.9414455626715466
8	3	3	2.5210938294195384
8	3	2	0.9454101860323268
8	1	1	3.9707227813357733
8	2	2	2.181715813920754
9	1	0	7.8784182169360575
9	2	0	3.3764649501154533
9	1	2	0.9454101860323268
9	0	3	1.2605469147097692
9	2	1	5.168242350310054
9	1	1	3.9707227813357733
9	3	2	0.9454101860323268
9	0	2	3.5115235481200715
9	2	2	2.181715813920754
9	2	3	1.1344922232387924
9	0	1	5.105215004574566
9	3	3	2.5210938294195384
9	0	0	5.861543153400426
9	3	0	2.3950391379485616
9	3	1	7.9414455626715466
9	1	3	1.1975195689742808
10	3	3	2.5210938294195384
10	3	2	0.9454101860323268
10	3	1	7.9414455626715466
10	1	2	0.9454101860323268
10	2	2	2.181715813920754
10	0	0	5.861543153400426
10	2	3	1.1344922232387924
10	0	1	5.105215004574566
10	0	2	3.5115235481200715
10	3	0	2.3950391379485616
10	2	1	5.168242350310054
10	1	3	1.1975195689742808
10	0	3	1.2605469147097692
10	1	1	3.9707227813357733
10	2	0	3.3764649501154533
10	1	0	7.8784182169360575
11	1	1	3.9707227813357733
11	3	1	7.9414455626715466
11	1	0	7.8784182169360575
11	0	2	3.5115235481200715
11	2	3	1.1344922232387924
11	3	3	2.5210938294195384
11	2	1	5.168242350310054
11	2	2	2.181715813920754
11	3	2	0.9454101860323268
11	1	2	0.9454101860323268
11	3	0	2.3950391379485616
11	1	3	1.1975195689742808
11	0	3	1.2605469147097692
11	0	0	5.861543153400426
11	2	0	3.3764649501154533
11	0	1	5.105215004574566
12	0	2	2.3110026769679104
12	0	0	5.987597844871404
12	2	1	5.042187658839077
12	3	1	6.491816610755311
12	0	3	0.9454101860323268
12	3	2	1.5756836433872115
12	2	2	2.0258789700692716
12	1	0	8.130527599878011
12	0	1	5.267285322180107
12	3	3	2.8362305580969807
12	1	2	1.5756836433872115
12	3	0	3.0940696997421613
12	2	3	1.0635864592863677
12	1	3	1.1555013384839552
12	2	0	3.3764649501154533
12	1	1	3.6465821461246897
13	1	2	1.5756836433872115
13	0	2	2.3110026769679104
13	2	2	2.0258789700692716
13	1	1	3.6465821461246897
13	1	3	1.1555013384839552
13	2	0	3.3764649501154533
13	2	1	5.042187658839077
13	3	2	1.5756836433872115
13	1	0	8.130527599878011
13	0	3	0.9454101860323268
13	2	3	1.0635864592863677
13	3	1	6.491816610755311
13	0	1	5.267285322180107
13	3	3	2.8362305580969807
13	0	0	5.987597844871404
13	3	0	3.0940696997421613
14	1	1	3.6465821461246897
14	2	0	3.3764649501154533
14	2	2	2.0258789700692716
14	1	0	8.130527599878011
14	3	3	2.8362305580969807
14	0	0	5.987597844871404
14	2	1	5.042187658839077
14	0	3	0.9454101860323268
14	1	2	1.5756836433872115
14	0	1	5.267285322180107
14	3	2	1.5756836433872115
14	2	3	1.0635864592863677
14	0	2	2.3110026769679104
14	3	1	6.491816610755311
14	1	3	1.1555013384839552
14	3	0	3.0940696997421613
15	3	0	3.0940696997421613
15	1	2	1.5756836433872115
15	2	3	1.0635864592863677
15	3	1	6.491816610755311
15	1	1	3.6465821461246897
15	3	2	1.5756836433872115
15	2	2	2.0258789700692716
15	2	0	3.3764649501154533
15	1	3	1.1555013384839552
15	1	0	8.130527599878011
15	2	1	5.042187658839077
15	3	3	2.8362305580969807
15	0	2	2.3110026769679104
15	0	3	0.9454101860323268
15	0	1	5.267285322180107
15	0	0	5.987597844871404
16	3	2	1.5756836433872115
16	0	1	5.267285322180107
16	2	0	3.3764649501154533
16	0	3	0.9454101860323268
16	0	2	2.3110026769679104
16	2	3	1.0635864592863677
16	3	1	6.491816610755311
16	2	2	2.0258789700692716
16	3	0	3.0940696997421613
16	1	3	1.1555013384839552
16	1	1	3.6465821461246897
16	2	1	5.042187658839077
16	1	2	1.5756836433872115
16	0	0	5.987597844871404
16	3	3	2.8362305580969807
16	1	0	8.130527599878011
17	2	1	5.042187658839077
17	0	0	5.987597844871404
17	0	1	5.267285322180107
17	2	0	3.3764649501154533
17	1	3	1.1555013384839552
17	1	0	8.130527599878011
17	2	2	2.0258789700692716
17	3	2	1.5756836433872115
17	3	1	6.491816610755311
17	1	1	3.6465821461246897
17	3	0	3.0940696997421613
17	0	3	0.9454101860323268
17	3	3	2.8362305580969807
17	2	3	1.0635864592863677
17	0	2	2.3110026769679104
17	1	2	1.5756836433872115
18	3	2	1.5756836433872115
18	2	2	2.0258789700692716
18	1	3	1.1555013384839552
18	3	1	6.491816610755311
18	3	0	3.0940696997421613
18	2	3	1.0635864592863677
18	1	2	1.5756836433872115
18	2	1	5.042187658839077
18	2	0	3.3764649501154533
18	3	3	2.8362305580969807
18	1	0	8.130527599878011
18	0	3	0.9454101860323268
18	0	2	2.3110026769679104
18	1	1	3.6465821461246897
18	0	1	5.267285322180107
18	0	0	5.987597844871404
19	2	2	2.0258789700692716
19	0	0	5.987597844871404
19	0	1	5.267285322180107
19	0	3	0.9454101860323268
19	1	0	8.130527599878011
19	1	1	3.6465821461246897
19	1	2	1.5756836433872115
19	1	3	1.1555013384839552
19	0	2	2.3110026769679104
19	3	1	6.491816610755311
19	2	3	1.0635864592863677
19	3	0	3.0940696997421613
19	2	0	3.3764649501154533
19	3	2	1.5756836433872115
19	3	3	2.8362305580969807
19	2	1	5.042187658839077
20	0	1	5.267285322180107
20	3	3	2.8362305580969807
20	3	2	1.5756836433872115
20	3	1	6.491816610755311
20	3	0	3.0940696997421613
20	0	2	2.3110026769679104
20	2	1	5.042187658839077
20	0	3	0.9454101860323268
20	1	0	8.130527599878011
20	2	3	1.0635864592863677
20	1	1	3.6465821461246897
20	2	2	2.0258789700692716
20	1	2	1.5756836433872115
20	2	0	3.3764649501154533
20	0	0	5.987597844871404
20	1	3	1.1555013384839552
21	3	3	2.8362305580969807
21	3	2	1.5756836433872115
21	3	1	6.491816610755311
21	3	0	3.0940696997421613
21	2	3	1.0635864592863677
21	2	2	2.0258789700692716
21	2	1	5.042187658839077
21	2	0	3.3764649501154533
21	1	3	1.1555013384839552
21	1	1	3.6465821461246897
21	1	0	8.130527599878011
21	0	3	0.9454101860323268
21	0	2	2.3110026769679104
21	0	1	5.267285322180107
21	0	0	5.987597844871404
21	1	2	1.5756836433872115
22	2	2	2.0258789700692716
22	2	3	1.0635864592863677
22	0	0	5.987597844871404
22	0	2	2.3110026769679104
22	3	3	2.8362305580969807
22	0	3	0.9454101860323268
22	1	0	8.130527599878011
22	3	2	1.5756836433872115
22	1	1	3.6465821461246897
22	3	0	3.0940696997421613
22	0	1	5.267285322180107
22	1	3	1.1555013384839552
22	1	2	1.5756836433872115
22	3	1	6.491816610755311
22	2	1	5.042187658839077
22	2	0	3.3764649501154533
23	1	0	8.130527599878011
23	0	3	0.9454101860323268
23	2	1	5.042187658839077
23	3	3	2.8362305580969807
23	0	1	5.267285322180107
23	1	3	1.1555013384839552
23	1	1	3.6465821461246897
23	2	0	3.3764649501154533
23	0	0	5.987597844871404
23	3	0	3.0940696997421613
23	3	1	6.491816610755311
23	1	2	1.5756836433872115
23	3	2	1.5756836433872115
23	2	2	2.0258789700692716
23	0	2	2.3110026769679104
23	2	3	1.0635864592863677
24	2	2	2.4985840630854352
24	0	1	5.29429704178103
24	1	0	9.138965131645826
24	2	3	0.9454101860323268
24	2	0	3.173877053108526
24	0	2	2.0258789700692716
24	0	3	0.9454101860323268
24	0	0	6.743925993697265
24	3	0	1.4856445780507994
24	1	1	3.2414063521108347
24	3	1	3.5115235481200715
24	1	3	1.2605469147097692
24	3	2	1.4181152790484903
24	3	3	3.025312595303446
24	1	2	1.8120361898952935
24	2	1	2.1271729185727355
25	1	1	3.2414063521108347
25	0	0	6.743925993697265
25	1	3	1.2605469147097692
25	1	0	9.138965131645826
25	0	3	0.9454101860323268
25	0	1	5.29429704178103
25	1	2	1.8120361898952935
25	0	2	2.0258789700692716
25	2	0	3.173877053108526
25	3	1	3.5115235481200715
25	3	3	3.025312595303446
25	2	3	0.9454101860323268
25	3	2	1.4181152790484903
25	3	0	1.4856445780507994
25	2	2	2.4985840630854352
25	2	1	2.1271729185727355
26	3	3	3.025312595303446
26	1	2	1.8120361898952935
26	0	0	6.743925993697265
26	2	2	2.4985840630854352
26	3	2	1.4181152790484903
26	1	1	3.2414063521108347
26	3	1	3.5115235481200715
26	1	0	9.138965131645826
26	1	3	1.2605469147097692
26	2	1	2.1271729185727355
26	0	1	5.29429704178103
26	2	0	3.173877053108526
26	2	3	0.9454101860323268
26	0	2	2.0258789700692716
26	3	0	1.4856445780507994
26	0	3	0.9454101860323268
27	3	3	3.025312595303446
27	3	1	3.5115235481200715
27	1	0	9.138965131645826
27	3	2	1.4181152790484903
27	0	3	0.9454101860323268
27	1	2	1.8120361898952935
27	2	3	0.9454101860323268
27	2	2	2.4985840630854352
27	1	3	1.2605469147097692
27	0	2	2.0258789700692716
27	0	0	6.743925993697265
27	2	1	2.1271729185727355
27	2	0	3.173877053108526
27	0	1	5.29429704178103
27	3	0	1.4856445780507994
27	1	1	3.2414063521108347
28	1	1	3.2414063521108347
28	2	3	0.9454101860323268
28	2	2	2.4985840630854352
28	2	1	2.1271729185727355
28	0	1	5.29429704178103
28	2	0	3.173877053108526
28	1	3	1.2605469147097692
28	0	0	6.743925993697265
28	0	2	2.0258789700692716
28	3	0	1.4856445780507994
28	1	2	1.8120361898952935
28	3	2	1.4181152790484903
28	1	0	9.138965131645826
28	3	3	3.025312595303446
28	3	1	3.5115235481200715
28	0	3	0.9454101860323268
29	2	0	3.173877053108526
29	1	1	3.2414063521108347
29	1	2	1.8120361898952935
29	1	3	1.2605469147097692
29	1	0	9.138965131645826
29	0	1	5.29429704178103
29	0	0	6.743925993697265
29	3	3	3.025312595303446
29	2	2	2.4985840630854352
29	0	3	0.9454101860323268
29	0	2	2.0258789700692716
29	3	2	1.4181152790484903
29	2	3	0.9454101860323268
29	3	1	3.5115235481200715
29	3	0	1.4856445780507994
29	2	1	2.1271729185727355
30	3	3	3.025312595303446
30	3	0	1.4856445780507994
30	0	1	5.29429704178103
30	0	2	2.0258789700692716
30	0	3	0.9454101860323268
30	1	0	9.138965131645826
30	1	1	3.2414063521108347
30	1	2	1.8120361898952935
30	1	3	1.2605469147097692
30	3	2	1.4181152790484903
30	2	0	3.173877053108526
30	2	1	2.1271729185727355
30	0	0	6.743925993697265
30	3	1	3.5115235481200715
30	2	2	2.4985840630854352
30	2	3	0.9454101860323268
31	1	0	9.138965131645826
31	2	3	0.9454101860323268
31	2	1	2.1271729185727355
31	3	0	1.4856445780507994
31	3	1	3.5115235481200715
31	2	0	3.173877053108526
31	0	0	6.743925993697265
31	0	2	2.0258789700692716
31	2	2	2.4985840630854352
31	0	3	0.9454101860323268
31	3	2	1.4181152790484903
31	1	2	1.8120361898952935
31	3	3	3.025312595303446
31	1	1	3.2414063521108347
31	1	3	1.2605469147097692
31	0	1	5.29429704178103
32	2	3	0.9454101860323268
32	0	3	0.9454101860323268
32	1	0	9.138965131645826
32	0	2	2.0258789700692716
32	3	0	1.4856445780507994
32	0	0	6.743925993697265
32	1	1	3.2414063521108347
32	0	1	5.29429704178103
32	3	1	3.5115235481200715
32	3	2	1.4181152790484903
32	1	3	1.2605469147097692
32	2	1	2.1271729185727355
32	3	3	3.025312595303446
32	2	0	3.173877053108526
32	1	2	1.8120361898952935
32	2	2	2.4985840630854352
33	2	3	0.9454101860323268
33	2	1	2.1271729185727355
33	2	0	3.173877053108526
33	3	0	1.4856445780507994
33	1	3	1.2605469147097692
33	3	1	3.5115235481200715
33	0	2	2.0258789700692716
33	3	2	1.4181152790484903
33	0	3	0.9454101860323268
33	1	2	1.8120361898952935
33	2	2	2.4985840630854352
33	1	1	3.2414063521108347
33	0	0	6.743925993697265
33	1	0	9.138965131645826
33	3	3	3.025312595303446
33	0	1	5.29429704178103
34	1	0	9.138965131645826
34	2	2	2.4985840630854352
34	1	2	1.8120361898952935
34	0	1	5.29429704178103
34	1	3	1.2605469147097692
34	2	3	0.9454101860323268
34	0	0	6.743925993697265
34	3	3	3.025312595303446
34	1	1	3.2414063521108347
34	0	3	0.9454101860323268
34	0	2	2.0258789700692716
34	3	2	1.4181152790484903
34	2	1	2.1271729185727355
34	3	0	1.4856445780507994
34	3	1	3.5115235481200715
34	2	0	3.173877053108526
35	2	0	3.173877053108526
35	3	2	1.4181152790484903
35	0	0	6.743925993697265
35	1	0	9.138965131645826
35	3	1	3.5115235481200715
35	2	2	2.4985840630854352
35	2	3	0.9454101860323268
35	0	2	2.0258789700692716
35	1	1	3.2414063521108347
35	1	3	1.2605469147097692
35	3	0	1.4856445780507994
35	2	1	2.1271729185727355
35	0	3	0.9454101860323268
35	3	3	3.025312595303446
35	0	1	5.29429704178103
35	1	2	1.8120361898952935
36	2	1	2.0258789700692716
36	0	1	8.697773711497407
36	1	0	9.643183897529733
36	1	1	4.186816538143162
36	1	3	1.2605469147097692
36	3	1	3.1998498604171064
36	3	3	2.618058976704905
36	2	0	2.962285249567957
36	2	3	1.2605469147097692
36	3	2	1.4856445780507994
36	2	2	4.222832164277727
36	1	2	1.8180965116006287
36	0	3	0.9454101860323268
36	3	0	2.3110026769679104
36	0	0	9.895293280471687
36	0	2	2.181715813920754
37	3	2	1.4856445780507994
37	0	0	9.895293280471687
37	3	3	2.618058976704905
37	2	3	1.2605469147097692
37	0	2	2.181715813920754
37	3	1	3.1998498604171064
37	0	1	8.697773711497407
37	0	3	0.9454101860323268
37	2	2	4.222832164277727
37	2	1	2.0258789700692716
37	1	1	4.186816538143162
37	1	0	9.643183897529733
37	3	0	2.3110026769679104
37	1	2	1.8180965116006287
37	2	0	2.962285249567957
37	1	3	1.2605469147097692
38	1	3	1.2605469147097692
38	2	1	2.0258789700692716
38	0	2	2.181715813920754
38	3	0	2.3110026769679104
38	0	0	9.895293280471687
38	3	1	3.1998498604171064
38	2	2	4.222832164277727
38	0	1	8.697773711497407
38	3	3	2.618058976704905
38	0	3	0.9454101860323268
38	1	1	4.186816538143162
38	3	2	1.4856445780507994
38	2	3	1.2605469147097692
38	2	0	2.962285249567957
38	1	0	9.643183897529733
38	1	2	1.8180965116006287
39	3	0	2.3110026769679104
39	2	0	2.962285249567957
39	1	1	4.186816538143162
39	2	3	1.2605469147097692
39	1	2	1.8180965116006287
39	3	1	3.1998498604171064
39	3	2	1.4856445780507994
39	0	0	9.895293280471687
39	0	1	8.697773711497407
39	0	2	2.181715813920754
39	2	1	2.0258789700692716
39	1	0	9.643183897529733
39	0	3	0.9454101860323268
39	2	2	4.222832164277727
39	1	3	1.2605469147097692
39	3	3	2.618058976704905
40	0	0	9.895293280471687
40	1	3	1.2605469147097692
40	2	3	1.2605469147097692
40	0	3	0.9454101860323268
40	2	2	4.222832164277727
40	0	2	2.181715813920754
40	2	1	2.0258789700692716
40	1	0	9.643183897529733
40	0	1	8.697773711497407
40	3	3	2.618058976704905
40	1	2	1.8180965116006287
40	3	0	2.3110026769679104
40	2	0	2.962285249567957
40	1	1	4.186816538143162
40	3	2	1.4856445780507994
40	3	1	3.1998498604171064
41	1	3	1.2605469147097692
41	3	2	1.4856445780507994
41	3	1	3.1998498604171064
41	0	0	9.895293280471687
41	3	0	2.3110026769679104
41	0	1	8.697773711497407
41	2	2	4.222832164277727
41	0	3	0.9454101860323268
41	2	1	2.0258789700692716
41	1	0	9.643183897529733
41	1	1	4.186816538143162
41	2	0	2.962285249567957
41	1	2	1.8180965116006287
41	3	3	2.618058976704905
41	0	2	2.181715813920754
41	2	3	1.2605469147097692
42	0	2	2.181715813920754
42	3	3	2.618058976704905
42	3	2	1.4856445780507994
42	3	1	3.1998498604171064
42	3	0	2.3110026769679104
42	2	3	1.2605469147097692
42	2	1	2.0258789700692716
42	2	0	2.962285249567957
42	2	2	4.222832164277727
42	1	2	1.8180965116006287
42	0	0	9.895293280471687
42	0	1	8.697773711497407
42	1	1	4.186816538143162
42	1	0	9.643183897529733
42	0	3	0.9454101860323268
42	1	3	1.2605469147097692
43	0	3	0.9454101860323268
43	0	0	9.895293280471687
43	0	1	8.697773711497407
43	0	2	2.181715813920754
43	1	0	9.643183897529733
43	1	3	1.2605469147097692
43	1	1	4.186816538143162
43	2	2	4.222832164277727
43	2	3	1.2605469147097692
43	3	0	2.3110026769679104
43	3	1	3.1998498604171064
43	2	0	2.962285249567957
43	3	2	1.4856445780507994
43	3	3	2.618058976704905
43	1	2	1.8180965116006287
43	2	1	2.0258789700692716
44	0	1	8.697773711497407
44	3	1	3.1998498604171064
44	0	2	2.181715813920754
44	3	3	2.618058976704905
44	0	0	9.895293280471687
44	3	2	1.4856445780507994
44	1	3	1.2605469147097692
44	0	3	0.9454101860323268
44	2	3	1.2605469147097692
44	1	2	1.8180965116006287
44	2	0	2.962285249567957
44	2	1	2.0258789700692716
44	1	1	4.186816538143162
44	2	2	4.222832164277727
44	3	0	2.3110026769679104
44	1	0	9.643183897529733
45	3	3	2.618058976704905
45	2	0	2.962285249567957
45	1	3	1.2605469147097692
45	3	2	1.4856445780507994
45	1	2	1.8180965116006287
45	1	0	9.643183897529733
45	3	1	3.1998498604171064
45	2	1	2.0258789700692716
45	2	3	1.2605469147097692
45	1	1	4.186816538143162
45	3	0	2.3110026769679104
45	2	2	4.222832164277727
45	0	2	2.181715813920754
45	0	3	0.9454101860323268
45	0	1	8.697773711497407
45	0	0	9.895293280471687
46	0	0	9.895293280471687
46	0	3	0.9454101860323268
46	1	0	9.643183897529733
46	1	1	4.186816538143162
46	1	2	1.8180965116006287
46	1	3	1.2605469147097692
46	2	1	2.0258789700692716
46	0	2	2.181715813920754
46	2	2	4.222832164277727
46	2	3	1.2605469147097692
46	3	0	2.3110026769679104
46	3	3	2.618058976704905
46	2	0	2.962285249567957
46	0	1	8.697773711497407
46	3	2	1.4856445780507994
46	3	1	3.1998498604171064
47	3	1	3.1998498604171064
47	0	2	2.181715813920754
47	0	3	0.9454101860323268
47	2	2	4.222832164277727
47	2	1	2.0258789700692716
47	1	3	1.2605469147097692
47	0	0	9.895293280471687
47	2	3	1.2605469147097692
47	0	1	8.697773711497407
47	3	2	1.4856445780507994
47	1	0	9.643183897529733
47	3	0	2.3110026769679104
47	1	2	1.8180965116006287
47	1	1	4.186816538143162
47	3	3	2.618058976704905
47	2	0	2.962285249567957
48	1	0	10.840703466504015
48	3	3	2.5210938294195384
48	3	1	2.45806648368405
48	2	1	2.4985840630854352
48	3	2	1.1344922232387924
48	1	2	1.8232910730623448
48	2	0	3.2143946325099115
48	2	3	1.102978550371048
48	1	3	1.1555013384839552
48	1	1	5.7985158076649395
48	2	2	3.6465821461246897
48	3	0	2.0258789700692716
48	0	3	1.0504557622581412
48	0	0	8.319609637084477
48	0	2	2.363525465080817
48	0	1	9.706211243265223
49	1	2	1.8232910730623448
49	1	0	10.840703466504015
49	2	0	3.2143946325099115
49	3	2	1.1344922232387924
49	0	0	8.319609637084477
49	2	3	1.102978550371048
49	0	1	9.706211243265223
49	2	1	2.4985840630854352
49	1	3	1.1555013384839552
49	0	3	1.0504557622581412
49	2	2	3.6465821461246897
49	0	2	2.363525465080817
49	3	1	2.45806648368405
49	3	3	2.5210938294195384
49	1	1	5.7985158076649395
49	3	0	2.0258789700692716
50	3	0	2.0258789700692716
50	1	3	1.1555013384839552
50	1	2	1.8232910730623448
50	2	3	1.102978550371048
50	3	1	2.45806648368405
50	1	0	10.840703466504015
50	3	2	1.1344922232387924
50	3	3	2.5210938294195384
50	0	3	1.0504557622581412
50	0	0	8.319609637084477
50	1	1	5.7985158076649395
50	2	1	2.4985840630854352
50	0	2	2.363525465080817
50	2	0	3.2143946325099115
50	0	1	9.706211243265223
50	2	2	3.6465821461246897
51	2	1	2.4985840630854352
51	0	0	8.319609637084477
51	0	1	9.706211243265223
51	3	1	2.45806648368405
51	3	0	2.0258789700692716
51	2	3	1.102978550371048
51	3	3	2.5210938294195384
51	1	3	1.1555013384839552
51	1	0	10.840703466504015
51	1	2	1.8232910730623448
51	2	2	3.6465821461246897
51	0	3	1.0504557622581412
51	3	2	1.1344922232387924
51	2	0	3.2143946325099115
51	0	2	2.363525465080817
51	1	1	5.7985158076649395
52	3	1	2.45806648368405
52	0	2	2.363525465080817
52	0	3	1.0504557622581412
52	3	0	2.0258789700692716
52	2	0	3.2143946325099115
52	2	3	1.102978550371048
52	0	1	9.706211243265223
52	2	1	2.4985840630854352
52	2	2	3.6465821461246897
52	1	3	1.1555013384839552
52	1	2	1.8232910730623448
52	0	0	8.319609637084477
52	1	0	10.840703466504015
52	3	2	1.1344922232387924
52	3	3	2.5210938294195384
52	1	1	5.7985158076649395
53	0	3	1.0504557622581412
53	3	2	1.1344922232387924
53	3	0	2.0258789700692716
53	2	3	1.102978550371048
53	3	3	2.5210938294195384
53	0	0	8.319609637084477
53	2	0	3.2143946325099115
53	1	0	10.840703466504015
53	0	2	2.363525465080817
53	1	2	1.8232910730623448
53	0	1	9.706211243265223
53	2	1	2.4985840630854352
53	2	2	3.6465821461246897
53	3	1	2.45806648368405
53	1	3	1.1555013384839552
53	1	1	5.7985158076649395
54	2	1	2.4985840630854352
54	1	2	1.8232910730623448
54	0	2	2.363525465080817
54	3	1	2.45806648368405
54	1	0	10.840703466504015
54	0	1	9.706211243265223
54	3	3	2.5210938294195384
54	3	0	2.0258789700692716
54	2	0	3.2143946325099115
54	2	3	1.102978550371048
54	0	3	1.0504557622581412
54	2	2	3.6465821461246897
54	3	2	1.1344922232387924
54	0	0	8.319609637084477
54	1	3	1.1555013384839552
54	1	1	5.7985158076649395
55	2	0	3.2143946325099115
55	1	3	1.1555013384839552
55	1	0	10.840703466504015
55	0	2	2.363525465080817
55	1	2	1.8232910730623448
55	0	3	1.0504557622581412
55	0	0	8.319609637084477
55	1	1	5.7985158076649395
55	0	1	9.706211243265223
55	3	2	1.1344922232387924
55	2	3	1.102978550371048
55	3	0	2.0258789700692716
55	2	2	3.6465821461246897
55	3	1	2.45806648368405
55	3	3	2.5210938294195384
55	2	1	2.4985840630854352
56	3	1	2.45806648368405
56	2	0	3.2143946325099115
56	0	3	1.0504557622581412
56	3	3	2.5210938294195384
56	1	1	5.7985158076649395
56	0	0	8.319609637084477
56	2	3	1.102978550371048
56	1	2	1.8232910730623448
56	3	0	2.0258789700692716
56	0	1	9.706211243265223
56	2	2	3.6465821461246897
56	1	3	1.1555013384839552
56	3	2	1.1344922232387924
56	1	0	10.840703466504015
56	2	1	2.4985840630854352
56	0	2	2.363525465080817
57	3	0	2.0258789700692716
57	0	1	9.706211243265223
57	1	0	10.840703466504015
57	0	0	8.319609637084477
57	2	3	1.102978550371048
57	2	2	3.6465821461246897
57	1	1	5.7985158076649395
57	1	2	1.8232910730623448
57	2	0	3.2143946325099115
57	1	3	1.1555013384839552
57	3	2	1.1344922232387924
57	0	2	2.363525465080817
57	3	3	2.5210938294195384
57	0	3	1.0504557622581412
57	3	1	2.45806648368405
57	2	1	2.4985840630854352
58	0	3	1.0504557622581412
58	0	2	2.363525465080817
58	2	3	1.102978550371048
58	2	0	3.2143946325099115
58	3	2	1.1344922232387924
58	1	0	10.840703466504015
58	1	2	1.8232910730623448
58	0	0	8.319609637084477
58	2	1	2.4985840630854352
58	3	3	2.5210938294195384
58	0	1	9.706211243265223
58	3	0	2.0258789700692716
58	1	1	5.7985158076649395
58	3	1	2.45806648368405
58	2	2	3.6465821461246897
58	1	3	1.1555013384839552
59	3	2	1.1344922232387924
59	1	2	1.8232910730623448
59	0	2	2.363525465080817
59	1	0	10.840703466504015
59	1	3	1.1555013384839552
59	3	3	2.5210938294195384
59	1	1	5.7985158076649395
59	3	0	2.0258789700692716
59	2	3	1.102978550371048
59	2	2	3.6465821461246897
59	2	1	2.4985840630854352
59	0	0	8.319609637084477
59	0	3	1.0504557622581412
59	2	0	3.2143946325099115
59	0	1	9.706211243265223
59	3	1	2.45806648368405
60	3	1	2.234605894258227
60	3	2	1.2605469147097692
60	1	1	6.050625190606892
60	0	0	6.365761919284334
60	1	3	1.3235742604452576
60	3	0	2.8362305580969807
60	2	1	2.90375985709929
60	0	3	1.2155273820415633
60	2	0	5.105215004574566
60	2	2	4.853105621632611
60	1	2	1.4610884693226869
60	0	2	2.108991953456729
60	0	1	6.302734573548846
60	3	3	2.228466867076199
60	1	0	11.849140998271828
60	2	3	0.9454101860323268
61	0	0	6.365761919284334
61	1	2	1.4610884693226869
61	3	1	2.234605894258227
61	3	2	1.2605469147097692
61	3	0	2.8362305580969807
61	2	2	4.853105621632611
61	0	2	2.108991953456729
61	0	3	1.2155273820415633
61	0	1	6.302734573548846
61	1	0	11.849140998271828
61	2	1	2.90375985709929
61	1	3	1.3235742604452576
61	1	1	6.050625190606892
61	3	3	2.228466867076199
61	2	3	0.9454101860323268
61	2	0	5.105215004574566
62	3	2	1.2605469147097692
62	2	1	2.90375985709929
62	1	1	6.050625190606892
62	3	3	2.228466867076199
62	0	1	6.302734573548846
62	1	0	11.849140998271828
62	0	0	6.365761919284334
62	1	3	1.3235742604452576
62	0	3	1.2155273820415633
62	1	2	1.4610884693226869
62	0	2	2.108991953456729
62	3	1	2.234605894258227
62	2	0	5.105215004574566
62	2	3	0.9454101860323268
62	2	2	4.853105621632611
62	3	0	2.8362305580969807
63	3	0	2.8362305580969807
63	1	2	1.4610884693226869
63	3	2	1.2605469147097692
63	1	1	6.050625190606892
63	2	3	0.9454101860323268
63	3	1	2.234605894258227
63	0	2	2.108991953456729
63	2	0	5.105215004574566
63	1	0	11.849140998271828
63	0	0	6.365761919284334
63	1	3	1.3235742604452576
63	2	1	2.90375985709929
63	3	3	2.228466867076199
63	2	2	4.853105621632611
63	0	1	6.302734573548846
63	0	3	1.2155273820415633
64	1	1	6.050625190606892
64	1	0	11.849140998271828
64	3	2	1.2605469147097692
64	2	1	2.90375985709929
64	1	2	1.4610884693226869
64	0	0	6.365761919284334
64	2	2	4.853105621632611
64	3	1	2.234605894258227
64	0	3	1.2155273820415633
64	2	0	5.105215004574566
64	0	2	2.108991953456729
64	3	0	2.8362305580969807
64	1	3	1.3235742604452576
64	0	1	6.302734573548846
64	2	3	0.9454101860323268
64	3	3	2.228466867076199
65	1	0	11.849140998271828
65	2	0	5.105215004574566
65	2	1	2.90375985709929
65	0	0	6.365761919284334
65	2	2	4.853105621632611
65	3	1	2.234605894258227
65	2	3	0.9454101860323268
65	3	2	1.2605469147097692
65	1	3	1.3235742604452576
65	3	0	2.8362305580969807
65	1	2	1.4610884693226869
65	3	3	2.228466867076199
65	0	2	2.108991953456729
65	0	1	6.302734573548846
65	1	1	6.050625190606892
65	0	3	1.2155273820415633
66	0	1	6.302734573548846
66	0	0	6.365761919284334
66	1	0	11.849140998271828
66	1	3	1.3235742604452576
66	3	2	1.2605469147097692
66	3	3	2.228466867076199
66	0	2	2.108991953456729
66	1	2	1.4610884693226869
66	2	2	4.853105621632611
66	2	3	0.9454101860323268
66	2	0	5.105215004574566
66	3	1	2.234605894258227
66	0	3	1.2155273820415633
66	1	1	6.050625190606892
66	3	0	2.8362305580969807
66	2	1	2.90375985709929
67	1	2	1.4610884693226869
67	2	3	0.9454101860323268
67	2	0	5.105215004574566
67	3	3	2.228466867076199
67	3	1	2.234605894258227
67	1	3	1.3235742604452576
67	0	0	6.365761919284334
67	0	1	6.302734573548846
67	0	3	1.2155273820415633
67	2	1	2.90375985709929
67	1	1	6.050625190606892
67	0	2	2.108991953456729
67	1	0	11.849140998271828
67	3	2	1.2605469147097692
67	3	0	2.8362305580969807
67	2	2	4.853105621632611
68	3	0	2.8362305580969807
68	0	3	1.2155273820415633
68	2	0	5.105215004574566
68	3	3	2.228466867076199
68	1	2	1.4610884693226869
68	1	1	6.050625190606892
68	3	1	2.234605894258227
68	1	3	1.3235742604452576
68	2	2	4.853105621632611
68	0	0	6.365761919284334
68	0	1	6.302734573548846
68	1	0	11.849140998271828
68	2	1	2.90375985709929
68	2	3	0.9454101860323268
68	0	2	2.108991953456729
68	3	2	1.2605469147097692
69	1	2	1.4610884693226869
69	1	1	6.050625190606892
69	1	0	11.849140998271828
69	0	0	6.365761919284334
69	2	0	5.105215004574566
69	1	3	1.3235742604452576
69	0	2	2.108991953456729
69	3	0	2.8362305580969807
69	3	1	2.234605894258227
69	2	2	4.853105621632611
69	0	3	1.2155273820415633
69	2	1	2.90375985709929
69	2	3	0.9454101860323268
69	3	2	1.2605469147097692
69	0	1	6.302734573548846
69	3	3	2.228466867076199
70	2	1	2.90375985709929
70	0	2	2.108991953456729
70	0	1	6.302734573548846
70	3	2	1.2605469147097692
70	0	3	1.2155273820415633
70	2	0	5.105215004574566
70	0	0	6.365761919284334
70	3	3	2.228466867076199
70	1	2	1.4610884693226869
70	2	2	4.853105621632611
70	3	0	2.8362305580969807
70	1	0	11.849140998271828
70	2	3	0.9454101860323268
70	1	3	1.3235742604452576
70	1	1	6.050625190606892
70	3	1	2.234605894258227
71	1	3	1.3235742604452576
71	1	0	11.849140998271828
71	3	2	1.2605469147097692
71	3	3	2.228466867076199
71	1	2	1.4610884693226869
71	3	1	2.234605894258227
71	0	1	6.302734573548846
71	2	0	5.105215004574566
71	0	2	2.108991953456729
71	0	3	1.2155273820415633
71	1	1	6.050625190606892
71	0	0	6.365761919284334
71	2	3	0.9454101860323268
71	3	0	2.8362305580969807
71	2	1	2.90375985709929
71	2	2	4.853105621632611
72	0	1	11.344922232387923
72	2	0	5.483379078987496
72	2	1	2.16093756807389
72	1	2	2.0483887364033744
72	3	0	2.7011719600923625
72	3	2	1.080468784036945
72	0	2	3.2143946325099115
72	0	3	1.8908203720646537
72	1	1	4.4749415472196805
72	3	3	2.8362305580969807
72	1	0	12.22730507268476
72	3	1	1.6882324750577267
72	2	3	1.1817627325404085
72	2	2	5.168242350310054
72	0	0	8.697773711497407
72	1	3	1.8048739915162606
73	1	2	2.0483887364033744
73	1	3	1.8048739915162606
73	1	0	12.22730507268476
73	3	2	1.080468784036945
73	2	3	1.1817627325404085
73	2	2	5.168242350310054
73	0	1	11.344922232387923
73	3	1	1.6882324750577267
73	0	2	3.2143946325099115
73	3	3	2.8362305580969807
73	2	1	2.16093756807389
73	3	0	2.7011719600923625
73	0	0	8.697773711497407
73	1	1	4.4749415472196805
73	2	0	5.483379078987496
73	0	3	1.8908203720646537
74	0	1	11.344922232387923
74	3	0	2.7011719600923625
74	2	0	5.483379078987496
74	2	3	1.1817627325404085
74	2	1	2.16093756807389
74	1	3	1.8048739915162606
74	2	2	5.168242350310054
74	0	3	1.8908203720646537
74	0	0	8.697773711497407
74	1	2	2.0483887364033744
74	3	1	1.6882324750577267
74	1	1	4.4749415472196805
74	3	2	1.080468784036945
74	3	3	2.8362305580969807
74	1	0	12.22730507268476
74	0	2	3.2143946325099115
75	1	2	2.0483887364033744
75	2	1	2.16093756807389
75	3	0	2.7011719600923625
75	2	3	1.1817627325404085
75	1	3	1.8048739915162606
75	2	0	5.483379078987496
75	2	2	5.168242350310054
75	0	3	1.8908203720646537
75	1	0	12.22730507268476
75	3	1	1.6882324750577267
75	0	0	8.697773711497407
75	0	1	11.344922232387923
75	1	1	4.4749415472196805
75	0	2	3.2143946325099115
75	3	3	2.8362305580969807
75	3	2	1.080468784036945
76	1	0	12.22730507268476
76	0	1	11.344922232387923
76	3	2	1.080468784036945
76	3	1	1.6882324750577267
76	2	3	1.1817627325404085
76	2	2	5.168242350310054
76	1	1	4.4749415472196805
76	1	2	2.0483887364033744
76	0	0	8.697773711497407
76	2	0	5.483379078987496
76	0	3	1.8908203720646537
76	3	3	2.8362305580969807
76	1	3	1.8048739915162606
76	3	0	2.7011719600923625
76	0	2	3.2143946325099115
76	2	1	2.16093756807389
77	0	1	11.344922232387923
77	0	0	8.697773711497407
77	2	2	5.168242350310054
77	3	3	2.8362305580969807
77	1	1	4.4749415472196805
77	0	2	3.2143946325099115
77	3	2	1.080468784036945
77	0	3	1.8908203720646537
77	2	1	2.16093756807389
77	2	0	5.483379078987496
77	3	1	1.6882324750577267
77	1	0	12.22730507268476
77	1	3	1.8048739915162606
77	1	2	2.0483887364033744
77	3	0	2.7011719600923625
77	2	3	1.1817627325404085
78	2	2	5.168242350310054
78	2	0	5.483379078987496
78	2	1	2.16093756807389
78	1	3	1.8048739915162606
78	3	2	1.080468784036945
78	1	0	12.22730507268476
78	0	0	8.697773711497407
78	3	1	1.6882324750577267
78	0	1	11.344922232387923
78	3	0	2.7011719600923625
78	0	3	1.8908203720646537
78	1	1	4.4749415472196805
78	1	2	2.0483887364033744
78	2	3	1.1817627325404085
78	3	3	2.8362305580969807
78	0	2	3.2143946325099115
79	0	0	8.697773711497407
79	1	0	12.22730507268476
79	0	2	3.2143946325099115
79	1	1	4.4749415472196805
79	0	3	1.8908203720646537
79	1	2	2.0483887364033744
79	0	1	11.344922232387923
79	3	3	2.8362305580969807
79	2	3	1.1817627325404085
79	2	1	2.16093756807389
79	3	2	1.080468784036945
79	2	2	5.168242350310054
79	3	0	2.7011719600923625
79	3	1	1.6882324750577267
79	1	3	1.8048739915162606
79	2	0	5.483379078987496
80	2	1	2.16093756807389
80	0	2	3.2143946325099115
80	1	3	1.8048739915162606
80	2	0	5.483379078987496
80	3	2	1.080468784036945
80	3	0	2.7011719600923625
80	0	1	11.344922232387923
80	2	2	5.168242350310054
80	3	1	1.6882324750577267
80	0	0	8.697773711497407
80	1	1	4.4749415472196805
80	3	3	2.8362305580969807
80	1	2	2.0483887364033744
80	1	0	12.22730507268476
80	2	3	1.1817627325404085
80	0	3	1.8908203720646537
81	3	0	2.7011719600923625
81	3	3	2.8362305580969807
81	2	3	1.1817627325404085
81	0	1	11.344922232387923
81	1	3	1.8048739915162606
81	1	0	12.22730507268476
81	0	2	3.2143946325099115
81	2	2	5.168242350310054
81	3	1	1.6882324750577267
81	1	1	4.4749415472196805
81	3	2	1.080468784036945
81	2	1	2.16093756807389
81	1	2	2.0483887364033744
81	0	3	1.8908203720646537
81	0	0	8.697773711497407
81	2	0	5.483379078987496
82	3	2	1.080468784036945
82	1	1	4.4749415472196805
82	2	3	1.1817627325404085
82	3	0	2.7011719600923625
82	2	2	5.168242350310054
82	0	1	11.344922232387923
82	2	1	2.16093756807389
82	0	2	3.2143946325099115
82	2	0	5.483379078987496
82	0	3	1.8908203720646537
82	3	3	2.8362305580969807
82	1	0	12.22730507268476
82	1	3	1.8048739915162606
82	3	1	1.6882324750577267
82	1	2	2.0483887364033744
82	0	0	8.697773711497407
83	2	2	5.168242350310054
83	2	3	1.1817627325404085
83	1	2	2.0483887364033744
83	0	0	8.697773711497407
83	2	0	5.483379078987496
83	1	3	1.8048739915162606
83	0	1	11.344922232387923
83	3	3	2.8362305580969807
83	3	1	1.6882324750577267
83	1	1	4.4749415472196805
83	0	2	3.2143946325099115
83	3	0	2.7011719600923625
83	1	0	12.22730507268476
83	3	2	1.080468784036945
83	2	1	2.16093756807389
83	0	3	1.8908203720646537
84	1	1	4.222832164277727
84	3	2	1.1817627325404085
84	2	0	6.428789265019823
84	2	2	4.53796889295517
84	1	2	2.268984446477585
84	0	2	4.4749415472196805
84	2	1	3.0388184551039084
84	3	3	4.524463033154707
84	2	3	0.9454101860323268
84	0	3	2.1271729185727355
84	1	3	1.5756836433872115
84	3	0	2.5210938294195384
84	0	1	12.794551184304158
84	1	0	10.840703466504015
84	3	1	1.8120361898952935
84	0	0	6.428789265019823
85	2	0	6.428789265019823
85	2	3	0.9454101860323268
85	3	2	1.1817627325404085
85	0	2	4.4749415472196805
85	1	0	10.840703466504015
85	1	1	4.222832164277727
85	2	2	4.53796889295517
85	3	3	4.524463033154707
85	0	0	6.428789265019823
85	2	1	3.0388184551039084
85	0	3	2.1271729185727355
85	1	3	1.5756836433872115
85	3	0	2.5210938294195384
85	0	1	12.794551184304158
85	3	1	1.8120361898952935
85	1	2	2.268984446477585
86	3	1	1.8120361898952935
86	2	1	3.0388184551039084
86	3	0	2.5210938294195384
86	1	1	4.222832164277727
86	0	0	6.428789265019823
86	2	3	0.9454101860323268
86	3	3	4.524463033154707
86	2	0	6.428789265019823
86	0	2	4.4749415472196805
86	1	3	1.5756836433872115
86	0	1	12.794551184304158
86	1	0	10.840703466504015
86	0	3	2.1271729185727355
86	3	2	1.1817627325404085
86	2	2	4.53796889295517
86	1	2	2.268984446477585
87	1	2	2.268984446477585
87	0	3	2.1271729185727355
87	0	2	4.4749415472196805
87	2	1	3.0388184551039084
87	1	1	4.222832164277727
87	0	1	12.794551184304158
87	1	0	10.840703466504015
87	2	2	4.53796889295517
87	3	3	4.524463033154707
87	3	0	2.5210938294195384
87	0	0	6.428789265019823
87	3	2	1.1817627325404085
87	2	3	0.9454101860323268
87	1	3	1.5756836433872115
87	3	1	1.8120361898952935
87	2	0	6.428789265019823
88	3	2	1.1817627325404085
88	2	1	3.0388184551039084
88	3	0	2.5210938294195384
88	0	3	2.1271729185727355
88	0	1	12.794551184304158
88	0	0	6.428789265019823
88	0	2	4.4749415472196805
88	3	1	1.8120361898952935
88	1	1	4.222832164277727
88	1	2	2.268984446477585
88	2	0	6.428789265019823
88	2	3	0.9454101860323268
88	2	2	4.53796889295517
88	1	0	10.840703466504015
88	1	3	1.5756836433872115
88	3	3	4.524463033154707
89	3	2	1.1817627325404085
89	1	3	1.5756836433872115
89	1	1	4.222832164277727
89	1	0	10.840703466504015
89	0	1	12.794551184304158
89	0	2	4.4749415472196805
89	1	2	2.268984446477585
89	2	2	4.53796889295517
89	2	1	3.0388184551039084
89	3	1	1.8120361898952935
89	0	0	6.428789265019823
89	2	3	0.9454101860323268
89	0	3	2.1271729185727355
89	2	0	6.428789265019823
89	3	0	2.5210938294195384
89	3	3	4.524463033154707
90	2	0	6.428789265019823
90	0	1	12.794551184304158
90	1	3	1.5756836433872115
90	1	1	4.222832164277727
90	0	0	6.428789265019823
90	3	3	4.524463033154707
90	0	2	4.4749415472196805
90	2	2	4.53796889295517
90	0	3	2.1271729185727355
90	3	0	2.5210938294195384
90	3	1	1.8120361898952935
90	2	3	0.9454101860323268
90	3	2	1.1817627325404085
90	1	0	10.840703466504015
90	2	1	3.0388184551039084
90	1	2	2.268984446477585
91	3	2	1.1817627325404085
91	2	2	4.53796889295517
91	0	1	12.794551184304158
91	3	1	1.8120361898952935
91	0	3	2.1271729185727355
91	0	2	4.4749415472196805
91	2	1	3.0388184551039084
91	3	3	4.524463033154707
91	0	0	6.428789265019823
91	1	1	4.222832164277727
91	2	3	0.9454101860323268
91	3	0	2.5210938294195384
91	1	3	1.5756836433872115
91	2	0	6.428789265019823
91	1	0	10.840703466504015
91	1	2	2.268984446477585
92	0	0	6.428789265019823
92	0	2	4.4749415472196805
92	0	1	12.794551184304158
92	3	2	1.1817627325404085
92	1	2	2.268984446477585
92	1	1	4.222832164277727
92	1	0	10.840703466504015
92	2	1	3.0388184551039084
92	2	2	4.53796889295517
92	3	1	1.8120361898952935
92	3	0	2.5210938294195384
92	0	3	2.1271729185727355
92	2	0	6.428789265019823
92	1	3	1.5756836433872115
92	2	3	0.9454101860323268
92	3	3	4.524463033154707
93	0	3	2.1271729185727355
93	1	3	1.5756836433872115
93	2	0	6.428789265019823
93	2	2	4.53796889295517
93	0	2	4.4749415472196805
93	3	3	4.524463033154707
93	3	2	1.1817627325404085
93	2	3	0.9454101860323268
93	1	0	10.840703466504015
93	3	0	2.5210938294195384
93	1	2	2.268984446477585
93	0	0	6.428789265019823
93	3	1	1.8120361898952935
93	1	1	4.222832164277727
93	2	1	3.0388184551039084
93	0	1	12.794551184304158
94	3	1	1.8120361898952935
94	3	2	1.1817627325404085
94	0	0	6.428789265019823
94	0	2	4.4749415472196805
94	1	2	2.268984446477585
94	2	0	6.428789265019823
94	2	1	3.0388184551039084
94	2	2	4.53796889295517
94	3	0	2.5210938294195384
94	0	3	2.1271729185727355
94	1	3	1.5756836433872115
94	1	0	10.840703466504015
94	1	1	4.222832164277727
94	0	1	12.794551184304158
94	3	3	4.524463033154707
94	2	3	0.9454101860323268
95	2	3	0.9454101860323268
95	2	2	4.53796889295517
95	1	1	4.222832164277727
95	0	3	2.1271729185727355
95	0	0	6.428789265019823
95	0	2	4.4749415472196805
95	0	1	12.794551184304158
95	2	0	6.428789265019823
95	1	0	10.840703466504015
95	1	3	1.5756836433872115
95	2	1	3.0388184551039084
95	1	2	2.268984446477585
95	3	1	1.8120361898952935
95	3	2	1.1817627325404085
95	3	3	4.524463033154707
95	3	0	2.5210938294195384
96	0	2	3.849170043131616
96	0	1	13.61390667886551
96	2	1	2.3950391379485616
96	2	2	3.7186133983938183
96	3	3	2.8362305580969807
96	1	0	8.823828402968385
96	3	0	2.618058976704905
96	2	0	6.1766798820778686
96	1	3	2.093408269071581
96	3	1	1.4181152790484903
96	3	2	1.2891957082259
96	2	3	1.4181152790484903
96	1	2	3.3404493239808883
96	0	3	3.0544021394890564
96	0	0	6.1766798820778686
96	1	1	5.29429704178103
97	1	2	3.3404493239808883
97	1	1	5.29429704178103
97	3	3	2.8362305580969807
97	0	2	3.849170043131616
97	2	0	6.1766798820778686
97	1	0	8.823828402968385
97	2	2	3.7186133983938183
97	2	3	1.4181152790484903
97	0	1	13.61390667886551
97	3	0	2.618058976704905
97	3	2	1.2891957082259
97	3	1	1.4181152790484903
97	1	3	2.093408269071581
97	0	3	3.0544021394890564
97	0	0	6.1766798820778686
97	2	1	2.3950391379485616
98	1	2	3.3404493239808883
98	1	1	5.29429704178103
98	3	0	2.618058976704905
98	0	0	6.1766798820778686
98	0	2	3.849170043131616
98	3	2	1.2891957082259
98	1	0	8.823828402968385
98	2	0	6.1766798820778686
98	3	1	1.4181152790484903
98	0	3	3.0544021394890564
98	0	1	13.61390667886551
98	3	3	2.8362305580969807
98	1	3	2.093408269071581
98	2	1	2.3950391379485616
98	2	2	3.7186133983938183
98	2	3	1.4181152790484903
99	0	0	6.1766798820778686
99	0	1	13.61390667886551
99	0	2	3.849170043131616
99	2	3	1.4181152790484903
99	1	0	8.823828402968385
99	3	3	2.8362305580969807
99	3	1	1.4181152790484903
99	3	0	2.618058976704905
99	0	3	3.0544021394890564
99	1	1	5.29429704178103
99	2	2	3.7186133983938183
99	3	2	1.2891957082259
99	1	2	3.3404493239808883
99	2	1	2.3950391379485616
99	2	0	6.1766798820778686
99	1	3	2.093408269071581
100	1	3	2.093408269071581
100	2	0	6.1766798820778686
100	2	2	3.7186133983938183
100	3	0	2.618058976704905
100	2	3	1.4181152790484903
100	2	1	2.3950391379485616
100	0	3	3.0544021394890564
100	3	1	1.4181152790484903
100	0	2	3.849170043131616
100	3	3	2.8362305580969807
100	3	2	1.2891957082259
100	1	0	8.823828402968385
100	1	1	5.29429704178103
100	0	0	6.1766798820778686
100	1	2	3.3404493239808883
100	0	1	13.61390667886551
101	2	0	6.1766798820778686
101	1	0	8.823828402968385
101	2	3	1.4181152790484903
101	1	1	5.29429704178103
101	0	3	3.0544021394890564
101	0	0	6.1766798820778686
101	1	2	3.3404493239808883
101	0	2	3.849170043131616
101	0	1	13.61390667886551
101	1	3	2.093408269071581
101	3	3	2.8362305580969807
101	3	2	1.2891957082259
101	2	2	3.7186133983938183
101	3	1	1.4181152790484903
101	3	0	2.618058976704905
101	2	1	2.3950391379485616
102	0	2	3.849170043131616
102	3	1	1.4181152790484903
102	3	0	2.618058976704905
102	3	2	1.2891957082259
102	3	3	2.8362305580969807
102	2	3	1.4181152790484903
102	1	3	2.093408269071581
102	1	1	5.29429704178103
102	2	0	6.1766798820778686
102	2	1	2.3950391379485616
102	1	0	8.823828402968385
102	1	2	3.3404493239808883
102	0	1	13.61390667886551
102	2	2	3.7186133983938183
102	0	3	3.0544021394890564
102	0	0	6.1766798820778686
103	2	3	1.4181152790484903
103	3	1	1.4181152790484903
103	3	0	2.618058976704905
103	3	2	1.2891957082259
103	0	1	13.61390667886551
103	0	0	6.1766798820778686
103	2	1	2.3950391379485616
103	0	3	3.0544021394890564
103	2	0	6.1766798820778686
103	1	3	2.093408269071581
103	0	2	3.849170043131616
103	1	2	3.3404493239808883
103	1	1	5.29429704178103
103	1	0	8.823828402968385
103	2	2	3.7186133983938183
103	3	3	2.8362305580969807
104	3	3	2.8362305580969807
104	2	3	1.4181152790484903
104	3	2	1.2891957082259
104	3	0	2.618058976704905
104	3	1	1.4181152790484903
104	2	1	2.3950391379485616
104	0	3	3.0544021394890564
104	0	1	13.61390667886551
104	1	3	2.093408269071581
104	1	2	3.3404493239808883
104	0	0	6.1766798820778686
104	1	1	5.29429704178103
104	0	2	3.849170043131616
104	2	2	3.7186133983938183
104	1	0	8.823828402968385
104	2	0	6.1766798820778686
105	2	3	1.4181152790484903
105	1	3	2.093408269071581
105	2	2	3.7186133983938183
105	2	0	6.1766798820778686
105	0	1	13.61390667886551
105	1	2	3.3404493239808883
105	3	0	2.618058976704905
105	2	1	2.3950391379485616
105	3	1	1.4181152790484903
105	0	0	6.1766798820778686
105	1	1	5.29429704178103
105	0	3	3.0544021394890564
105	3	2	1.2891957082259
105	0	2	3.849170043131616
105	1	0	8.823828402968385
105	3	3	2.8362305580969807
106	1	0	8.823828402968385
106	2	1	2.3950391379485616
106	0	2	3.849170043131616
106	0	0	6.1766798820778686
106	2	3	1.4181152790484903
106	2	0	6.1766798820778686
106	3	0	2.618058976704905
106	0	3	3.0544021394890564
106	3	1	1.4181152790484903
106	3	3	2.8362305580969807
106	0	1	13.61390667886551
106	1	2	3.3404493239808883
106	3	2	1.2891957082259
106	1	1	5.29429704178103
106	1	3	2.093408269071581
106	2	2	3.7186133983938183
107	1	3	2.093408269071581
107	3	2	1.2891957082259
107	2	1	2.3950391379485616
107	1	2	3.3404493239808883
107	3	3	2.8362305580969807
107	3	1	1.4181152790484903
107	0	0	6.1766798820778686
107	2	2	3.7186133983938183
107	2	3	1.4181152790484903
107	0	1	13.61390667886551
107	1	1	5.29429704178103
107	2	0	6.1766798820778686
107	3	0	2.618058976704905
107	1	0	8.823828402968385
107	0	2	3.849170043131616
107	0	3	3.0544021394890564
108	3	1	2.3998873953128292
108	3	0	2.5661133620877443
108	0	0	5.3573243875165195
108	3	2	2.0089966453186943
108	0	2	4.600996238690658
108	0	1	11.281894886652434
108	1	0	6.428789265019823
108	3	3	3.2774219782454
108	2	3	0.9454101860323268
108	1	3	6.11365253634238
108	2	1	4.254345837145471
108	1	2	7.248144759581174
108	2	0	3.8446680898647956
108	0	3	1.6329812304194737
108	2	2	6.239707227813358
108	1	1	7.563281488258615
109	0	1	11.281894886652434
109	0	2	4.600996238690658
109	2	3	0.9454101860323268
109	3	2	2.0089966453186943
109	3	0	2.5661133620877443
109	0	0	5.3573243875165195
109	1	1	7.563281488258615
109	2	2	6.239707227813358
109	1	2	7.248144759581174
109	0	3	1.6329812304194737
109	3	3	3.2774219782454
109	2	1	4.254345837145471
109	1	0	6.428789265019823
109	2	0	3.8446680898647956
109	1	3	6.11365253634238
109	3	1	2.3998873953128292
110	3	0	2.5661133620877443
110	2	2	6.239707227813358
110	0	2	4.600996238690658
110	2	3	0.9454101860323268
110	1	1	7.563281488258615
110	3	1	2.3998873953128292
110	2	0	3.8446680898647956
110	0	3	1.6329812304194737
110	1	3	6.11365253634238
110	1	0	6.428789265019823
110	3	3	3.2774219782454
110	2	1	4.254345837145471
110	3	2	2.0089966453186943
110	1	2	7.248144759581174
110	0	0	5.3573243875165195
110	0	1	11.281894886652434
111	1	2	7.248144759581174
111	1	1	7.563281488258615
111	0	1	11.281894886652434
111	2	3	0.9454101860323268
111	0	0	5.3573243875165195
111	2	2	6.239707227813358
111	3	1	2.3998873953128292
111	1	0	6.428789265019823
111	0	2	4.600996238690658
111	3	2	2.0089966453186943
111	2	1	4.254345837145471
111	3	0	2.5661133620877443
111	0	3	1.6329812304194737
111	1	3	6.11365253634238
111	3	3	3.2774219782454
111	2	0	3.8446680898647956
112	0	3	1.6329812304194737
112	1	0	6.428789265019823
112	1	1	7.563281488258615
112	1	2	7.248144759581174
112	0	1	11.281894886652434
112	1	3	6.11365253634238
112	0	2	4.600996238690658
112	2	3	0.9454101860323268
112	0	0	5.3573243875165195
112	3	3	3.2774219782454
112	2	0	3.8446680898647956
112	3	1	2.3998873953128292
112	3	0	2.5661133620877443
112	2	2	6.239707227813358
112	3	2	2.0089966453186943
112	2	1	4.254345837145471
113	3	0	2.5661133620877443
113	2	1	4.254345837145471
113	0	3	1.6329812304194737
113	2	2	6.239707227813358
113	0	2	4.600996238690658
113	2	0	3.8446680898647956
113	3	1	2.3998873953128292
113	1	2	7.248144759581174
113	2	3	0.9454101860323268
113	1	0	6.428789265019823
113	3	2	2.0089966453186943
113	0	1	11.281894886652434
113	1	3	6.11365253634238
113	0	0	5.3573243875165195
113	1	1	7.563281488258615
113	3	3	3.2774219782454
114	2	0	3.8446680898647956
114	1	3	6.11365253634238
114	2	2	6.239707227813358
114	3	1	2.3998873953128292
114	2	3	0.9454101860323268
114	3	0	2.5661133620877443
114	2	1	4.254345837145471
114	1	0	6.428789265019823
114	0	1	11.281894886652434
114	1	1	7.563281488258615
114	0	0	5.3573243875165195
114	3	3	3.2774219782454
114	0	3	1.6329812304194737
114	3	2	2.0089966453186943
114	1	2	7.248144759581174
114	0	2	4.600996238690658
115	0	2	4.600996238690658
115	3	3	3.2774219782454
115	2	2	6.239707227813358
115	2	1	4.254345837145471
115	0	3	1.6329812304194737
115	0	1	11.281894886652434
115	2	3	0.9454101860323268
115	3	2	2.0089966453186943
115	1	0	6.428789265019823
115	1	3	6.11365253634238
115	2	0	3.8446680898647956
115	1	2	7.248144759581174
115	0	0	5.3573243875165195
115	1	1	7.563281488258615
115	3	1	2.3998873953128292
115	3	0	2.5661133620877443
116	3	2	2.0089966453186943
116	1	0	6.428789265019823
116	3	0	2.5661133620877443
116	3	1	2.3998873953128292
116	1	3	6.11365253634238
116	2	2	6.239707227813358
116	2	1	4.254345837145471
116	1	2	7.248144759581174
116	0	3	1.6329812304194737
116	1	1	7.563281488258615
116	2	3	0.9454101860323268
116	2	0	3.8446680898647956
116	0	1	11.281894886652434
116	0	0	5.3573243875165195
116	0	2	4.600996238690658
116	3	3	3.2774219782454
117	0	3	1.6329812304194737
117	1	3	6.11365253634238
117	3	3	3.2774219782454
117	0	0	5.3573243875165195
117	1	2	7.248144759581174
117	2	0	3.8446680898647956
117	3	2	2.0089966453186943
117	3	1	2.3998873953128292
117	2	1	4.254345837145471
117	1	1	7.563281488258615
117	0	1	11.281894886652434
117	2	3	0.9454101860323268
117	1	0	6.428789265019823
117	3	0	2.5661133620877443
117	2	2	6.239707227813358
117	0	2	4.600996238690658
118	2	1	4.254345837145471
118	1	2	7.248144759581174
118	2	3	0.9454101860323268
118	0	3	1.6329812304194737
118	0	0	5.3573243875165195
118	3	0	2.5661133620877443
118	0	1	11.281894886652434
118	3	3	3.2774219782454
118	2	2	6.239707227813358
118	2	0	3.8446680898647956
118	3	1	2.3998873953128292
118	1	3	6.11365253634238
118	3	2	2.0089966453186943
118	1	1	7.563281488258615
118	1	0	6.428789265019823
118	0	2	4.600996238690658
119	3	0	2.5661133620877443
119	0	0	5.3573243875165195
119	0	2	4.600996238690658
119	2	2	6.239707227813358
119	2	1	4.254345837145471
119	3	2	2.0089966453186943
119	1	0	6.428789265019823
119	2	0	3.8446680898647956
119	1	3	6.11365253634238
119	2	3	0.9454101860323268
119	3	3	3.2774219782454
119	1	2	7.248144759581174
119	0	3	1.6329812304194737
119	3	1	2.3998873953128292
119	1	1	7.563281488258615
119	0	1	11.281894886652434
120	1	2	8.823828402968385
120	1	1	13.361797295923553
120	2	0	3.0883399410389343
120	0	0	5.924570499135914
120	3	1	3.8446680898647956
120	3	0	2.234605894258227
120	3	2	1.8120361898952935
120	1	3	3.65558605265833
120	0	3	2.181715813920754
120	0	2	3.65558605265833
120	2	2	7.9414455626715466
120	1	0	4.790078275897123
120	3	3	2.7011719600923625
120	2	1	7.185117413845684
120	2	3	1.3505859800461812
120	0	1	8.949883094439361
121	1	3	3.65558605265833
121	1	0	4.790078275897123
121	2	2	7.9414455626715466
121	0	1	8.949883094439361
121	2	0	3.0883399410389343
121	2	3	1.3505859800461812
121	1	2	8.823828402968385
121	3	3	2.7011719600923625
121	3	2	1.8120361898952935
121	0	0	5.924570499135914
121	1	1	13.361797295923553
121	3	1	3.8446680898647956
121	0	2	3.65558605265833
121	0	3	2.181715813920754
121	2	1	7.185117413845684
121	3	0	2.234605894258227
122	0	3	2.181715813920754
122	1	2	8.823828402968385
122	0	0	5.924570499135914
122	0	1	8.949883094439361
122	1	3	3.65558605265833
122	3	0	2.234605894258227
122	3	2	1.8120361898952935
122	2	1	7.185117413845684
122	3	1	3.8446680898647956
122	0	2	3.65558605265833
122	2	0	3.0883399410389343
122	1	1	13.361797295923553
122	3	3	2.7011719600923625
122	2	2	7.9414455626715466
122	1	0	4.790078275897123
122	2	3	1.3505859800461812
123	2	0	3.0883399410389343
123	3	3	2.7011719600923625
123	1	2	8.823828402968385
123	2	2	7.9414455626715466
123	0	0	5.924570499135914
123	1	1	13.361797295923553
123	3	0	2.234605894258227
123	0	1	8.949883094439361
123	3	1	3.8446680898647956
123	1	0	4.790078275897123
123	0	2	3.65558605265833
123	3	2	1.8120361898952935
123	0	3	2.181715813920754
123	2	1	7.185117413845684
123	2	3	1.3505859800461812
123	1	3	3.65558605265833
124	1	2	8.823828402968385
124	0	0	5.924570499135914
124	0	1	8.949883094439361
124	2	0	3.0883399410389343
124	2	2	7.9414455626715466
124	3	0	2.234605894258227
124	3	3	2.7011719600923625
124	2	1	7.185117413845684
124	3	1	3.8446680898647956
124	0	2	3.65558605265833
124	1	0	4.790078275897123
124	1	3	3.65558605265833
124	2	3	1.3505859800461812
124	1	1	13.361797295923553
124	0	3	2.181715813920754
124	3	2	1.8120361898952935
125	1	0	4.790078275897123
125	0	3	2.181715813920754
125	0	0	5.924570499135914
125	1	1	13.361797295923553
125	1	2	8.823828402968385
125	0	2	3.65558605265833
125	1	3	3.65558605265833
125	0	1	8.949883094439361
125	2	0	3.0883399410389343
125	3	3	2.7011719600923625
125	2	1	7.185117413845684
125	3	2	1.8120361898952935
125	3	0	2.234605894258227
125	2	3	1.3505859800461812
125	3	1	3.8446680898647956
125	2	2	7.9414455626715466
126	2	2	7.9414455626715466
126	3	1	3.8446680898647956
126	0	0	5.924570499135914
126	3	0	2.234605894258227
126	1	0	4.790078275897123
126	2	0	3.0883399410389343
126	1	3	3.65558605265833
126	3	3	2.7011719600923625
126	1	1	13.361797295923553
126	0	1	8.949883094439361
126	1	2	8.823828402968385
126	0	2	3.65558605265833
126	3	2	1.8120361898952935
126	2	1	7.185117413845684
126	2	3	1.3505859800461812
126	0	3	2.181715813920754
127	1	2	8.823828402968385
127	3	3	2.7011719600923625
127	2	3	1.3505859800461812
127	3	2	1.8120361898952935
127	3	1	3.8446680898647956
127	3	0	2.234605894258227
127	2	1	7.185117413845684
127	2	2	7.9414455626715466
127	1	3	3.65558605265833
127	0	2	3.65558605265833
127	2	0	3.0883399410389343
127	0	0	5.924570499135914
127	0	1	8.949883094439361
127	0	3	2.181715813920754
127	1	1	13.361797295923553
127	1	0	4.790078275897123
128	1	2	8.823828402968385
128	1	0	4.790078275897123
128	0	3	2.181715813920754
128	3	1	3.8446680898647956
128	2	1	7.185117413845684
128	2	2	7.9414455626715466
128	3	0	2.234605894258227
128	3	2	1.8120361898952935
128	0	0	5.924570499135914
128	0	2	3.65558605265833
128	2	3	1.3505859800461812
128	2	0	3.0883399410389343
128	1	1	13.361797295923553
128	1	3	3.65558605265833
128	3	3	2.7011719600923625
128	0	1	8.949883094439361
129	2	0	3.0883399410389343
129	1	2	8.823828402968385
129	3	1	3.8446680898647956
129	2	1	7.185117413845684
129	2	2	7.9414455626715466
129	0	1	8.949883094439361
129	3	0	2.234605894258227
129	1	3	3.65558605265833
129	0	0	5.924570499135914
129	2	3	1.3505859800461812
129	0	3	2.181715813920754
129	3	3	2.7011719600923625
129	1	0	4.790078275897123
129	3	2	1.8120361898952935
129	0	2	3.65558605265833
129	1	1	13.361797295923553
130	3	2	1.8120361898952935
130	3	0	2.234605894258227
130	1	3	3.65558605265833
130	1	2	8.823828402968385
130	2	0	3.0883399410389343
130	1	1	13.361797295923553
130	2	2	7.9414455626715466
130	1	0	4.790078275897123
130	2	1	7.185117413845684
130	0	0	5.924570499135914
130	3	3	2.7011719600923625
130	2	3	1.3505859800461812
130	0	3	2.181715813920754
130	0	2	3.65558605265833
130	3	1	3.8446680898647956
130	0	1	8.949883094439361
131	3	2	1.8120361898952935
131	1	1	13.361797295923553
131	0	0	5.924570499135914
131	1	2	8.823828402968385
131	2	1	7.185117413845684
131	2	0	3.0883399410389343
131	0	3	2.181715813920754
131	3	1	3.8446680898647956
131	1	3	3.65558605265833
131	0	2	3.65558605265833
131	0	1	8.949883094439361
131	2	3	1.3505859800461812
131	2	2	7.9414455626715466
131	1	0	4.790078275897123
131	3	0	2.234605894258227
131	3	3	2.7011719600923625
132	0	1	8.886855748703875
132	3	3	2.8992579038324697
132	2	3	1.3235742604452576
132	3	2	1.6807292196130255
132	2	0	3.2414063521108347
132	0	3	2.3110026769679104
132	3	1	2.584121175155027
132	0	2	4.664023584426146
132	1	0	3.443994249117762
132	1	3	5.3573243875165195
132	0	0	5.987597844871404
132	3	0	1.7557617740600358
132	2	2	7.31117210531666
132	1	1	8.697773711497407
132	1	2	11.281894886652434
132	2	1	5.168242350310054
133	0	2	4.664023584426146
133	1	2	11.281894886652434
133	2	3	1.3235742604452576
133	1	1	8.697773711497407
133	0	1	8.886855748703875
133	3	0	1.7557617740600358
133	2	2	7.31117210531666
133	2	0	3.2414063521108347
133	1	0	3.443994249117762
133	3	2	1.6807292196130255
133	2	1	5.168242350310054
133	3	1	2.584121175155027
133	0	3	2.3110026769679104
133	3	3	2.8992579038324697
133	1	3	5.3573243875165195
133	0	0	5.987597844871404
134	1	1	8.697773711497407
134	2	1	5.168242350310054
134	3	1	2.584121175155027
134	3	0	1.7557617740600358
134	0	2	4.664023584426146
134	1	3	5.3573243875165195
134	2	0	3.2414063521108347
134	0	3	2.3110026769679104
134	3	3	2.8992579038324697
134	3	2	1.6807292196130255
134	1	0	3.443994249117762
134	2	3	1.3235742604452576
134	1	2	11.281894886652434
134	0	1	8.886855748703875
134	2	2	7.31117210531666
134	0	0	5.987597844871404
135	1	2	11.281894886652434
135	2	1	5.168242350310054
135	0	0	5.987597844871404
135	1	3	5.3573243875165195
135	2	0	3.2414063521108347
135	3	1	2.584121175155027
135	0	1	8.886855748703875
135	0	3	2.3110026769679104
135	2	2	7.31117210531666
135	3	2	1.6807292196130255
135	1	1	8.697773711497407
135	1	0	3.443994249117762
135	2	3	1.3235742604452576
135	0	2	4.664023584426146
135	3	0	1.7557617740600358
135	3	3	2.8992579038324697
136	3	0	1.7557617740600358
136	1	2	11.281894886652434
136	2	3	1.3235742604452576
136	2	1	5.168242350310054
136	3	2	1.6807292196130255
136	0	3	2.3110026769679104
136	0	2	4.664023584426146
136	2	2	7.31117210531666
136	0	1	8.886855748703875
136	2	0	3.2414063521108347
136	3	3	2.8992579038324697
136	1	0	3.443994249117762
136	1	3	5.3573243875165195
136	3	1	2.584121175155027
136	1	1	8.697773711497407
136	0	0	5.987597844871404
137	3	3	2.8992579038324697
137	3	0	1.7557617740600358
137	1	1	8.697773711497407
137	2	3	1.3235742604452576
137	2	0	3.2414063521108347
137	1	2	11.281894886652434
137	1	3	5.3573243875165195
137	3	1	2.584121175155027
137	2	2	7.31117210531666
137	3	2	1.6807292196130255
137	1	0	3.443994249117762
137	0	3	2.3110026769679104
137	0	2	4.664023584426146
137	0	1	8.886855748703875
137	0	0	5.987597844871404
137	2	1	5.168242350310054
138	3	3	2.8992579038324697
138	3	2	1.6807292196130255
138	3	1	2.584121175155027
138	3	0	1.7557617740600358
138	2	3	1.3235742604452576
138	2	1	5.168242350310054
138	2	0	3.2414063521108347
138	1	3	5.3573243875165195
138	1	2	11.281894886652434
138	1	1	8.697773711497407
138	1	0	3.443994249117762
138	0	3	2.3110026769679104
138	0	2	4.664023584426146
138	0	1	8.886855748703875
138	0	0	5.987597844871404
138	2	2	7.31117210531666
139	3	3	2.8992579038324697
139	3	2	1.6807292196130255
139	3	1	2.584121175155027
139	3	0	1.7557617740600358
139	2	3	1.3235742604452576
139	2	2	7.31117210531666
139	0	0	5.987597844871404
139	2	0	3.2414063521108347
139	1	3	5.3573243875165195
139	1	2	11.281894886652434
139	1	1	8.697773711497407
139	1	0	3.443994249117762
139	0	3	2.3110026769679104
139	0	2	4.664023584426146
139	0	1	8.886855748703875
139	2	1	5.168242350310054
140	0	0	5.987597844871404
140	0	1	8.886855748703875
140	0	3	2.3110026769679104
140	1	0	3.443994249117762
140	1	1	8.697773711497407
140	0	2	4.664023584426146
140	1	3	5.3573243875165195
140	1	2	11.281894886652434
140	3	3	2.8992579038324697
140	3	2	1.6807292196130255
140	3	1	2.584121175155027
140	2	1	5.168242350310054
140	2	3	1.3235742604452576
140	2	2	7.31117210531666
140	3	0	1.7557617740600358
140	2	0	3.2414063521108347
141	3	2	1.6807292196130255
141	3	1	2.584121175155027
141	2	3	1.3235742604452576
141	2	2	7.31117210531666
141	2	1	5.168242350310054
141	2	0	3.2414063521108347
141	3	3	2.8992579038324697
141	1	2	11.281894886652434
141	1	3	5.3573243875165195
141	0	0	5.987597844871404
141	0	1	8.886855748703875
141	3	0	1.7557617740600358
141	0	3	2.3110026769679104
141	1	0	3.443994249117762
141	1	1	8.697773711497407
141	0	2	4.664023584426146
142	3	3	2.8992579038324697
142	3	2	1.6807292196130255
142	3	1	2.584121175155027
142	3	0	1.7557617740600358
142	2	3	1.3235742604452576
142	2	2	7.31117210531666
142	2	1	5.168242350310054
142	1	3	5.3573243875165195
142	1	2	11.281894886652434
142	1	1	8.697773711497407
142	0	3	2.3110026769679104
142	0	2	4.664023584426146
142	0	1	8.886855748703875
142	0	0	5.987597844871404
142	2	0	3.2414063521108347
142	1	0	3.443994249117762
143	3	2	1.6807292196130255
143	1	0	3.443994249117762
143	3	0	1.7557617740600358
143	2	3	1.3235742604452576
143	1	1	8.697773711497407
143	2	2	7.31117210531666
143	2	1	5.168242350310054
143	2	0	3.2414063521108347
143	1	3	5.3573243875165195
143	0	0	5.987597844871404
143	0	1	8.886855748703875
143	0	2	4.664023584426146
143	1	2	11.281894886652434
143	0	3	2.3110026769679104
143	3	1	2.584121175155027
143	3	3	2.8992579038324697
