T	Origin	Destination	TripTime	Distance
0	0	0	2	3
0	1	2	2	3
0	1	3	2	3
0	2	0	5	17
0	2	1	2	3
0	0	3	8	21
0	2	2	1	1
0	2	3	4	6
0	3	0	8	20
0	3	1	4	4
0	3	2	4	7
0	3	3	1	1
0	0	2	7	19
0	1	1	1	1
0	0	1	7	18
0	1	0	9	16
1	2	2	1	1
1	3	3	1	1
1	3	2	4	7
1	3	1	4	4
1	3	0	8	20
1	2	3	4	6
1	2	1	2	3
1	1	3	2	3
1	2	0	5	17
1	1	1	1	1
1	1	0	9	16
1	0	3	8	21
1	0	2	7	19
1	0	1	7	18
1	0	0	2	3
1	1	2	2	3
2	1	0	9	16
2	1	1	1	1
2	0	3	8	21
2	0	1	7	18
2	0	0	2	3
2	1	2	2	3
2	0	2	7	19
2	1	3	2	3
2	2	1	2	3
2	2	2	1	1
2	2	3	4	6
2	3	0	8	20
2	3	1	4	4
2	3	2	4	7
2	3	3	1	1
2	2	0	5	17
3	2	0	5	17
3	3	2	4	7
3	3	1	4	4
3	3	0	8	20
3	2	3	4	6
3	2	2	1	1
3	2	1	2	3
3	1	3	2	3
3	3	3	1	1
3	1	1	1	1
3	1	0	9	16
3	0	3	8	21
3	0	2	7	19
3	0	1	7	18
3	0	0	2	3
3	1	2	2	3
4	3	2	4	7
4	3	1	4	4
4	3	0	8	20
4	2	3	4	6
4	2	2	1	1
4	2	1	2	3
4	1	1	1	1
4	1	3	2	3
4	1	2	2	3
4	1	0	9	16
4	0	0	2	3
4	0	3	8	21
4	0	1	7	18
4	2	0	5	17
4	0	2	7	19
4	3	3	1	1
5	1	2	2	3
5	0	1	7	18
5	2	1	2	3
5	2	0	5	17
5	1	3	2	3
5	2	3	4	6
5	2	2	1	1
5	0	2	7	19
5	3	2	4	7
5	0	3	8	21
5	3	1	4	4
5	1	0	9	16
5	0	0	2	3
5	3	3	1	1
5	3	0	8	20
5	1	1	1	1
6	2	1	2	3
6	1	3	2	3
6	3	0	8	20
6	2	2	1	1
6	3	2	4	7
6	2	3	4	6
6	2	0	5	17
6	1	2	2	3
6	0	1	7	18
6	3	3	1	1
6	0	0	2	3
6	1	1	1	1
6	3	1	4	4
6	1	0	9	16
6	0	2	7	19
6	0	3	8	21
7	0	0	2	3
7	1	3	2	3
7	2	2	1	1
7	2	3	4	6
7	0	3	8	21
7	0	1	7	18
7	2	1	2	3
7	1	2	2	3
7	1	0	9	16
7	3	0	8	20
7	3	3	1	1
7	2	0	5	17
7	0	2	7	19
7	1	1	1	1
7	3	2	4	7
7	3	1	4	4
8	2	3	4	6
8	0	3	8	21
8	3	0	8	20
8	2	2	1	1
8	0	2	7	19
8	0	0	2	3
8	3	3	1	1
8	1	0	9	16
8	1	1	1	1
8	3	2	4	7
8	1	3	2	3
8	0	1	7	18
8	3	1	4	4
8	2	0	5	17
8	1	2	2	3
8	2	1	2	3
9	3	0	8	20
9	2	3	4	6
9	3	2	4	7
9	0	0	2	3
9	3	1	4	4
9	3	3	1	1
9	0	1	7	18
9	0	2	7	19
9	1	0	9	16
9	1	3	2	3
9	2	0	5	17
9	2	1	2	3
9	0	3	8	21
9	2	2	1	1
9	1	2	2	3
9	1	1	1	1
10	0	3	8	21
10	2	3	4	6
10	1	0	9	16
10	2	2	1	1
10	3	0	8	20
10	1	2	2	3
10	1	1	1	1
10	0	2	7	19
10	1	3	2	3
10	3	1	4	4
10	2	1	2	3
10	0	1	7	18
10	2	0	5	17
10	0	0	2	3
10	3	2	4	7
10	3	3	1	1
11	2	0	5	17
11	2	1	2	3
11	0	2	7	19
11	1	3	2	3
11	2	2	1	1
11	0	3	8	21
11	3	1	4	4
11	3	2	4	7
11	3	0	8	20
11	0	1	7	18
11	2	3	4	6
11	1	1	1	1
11	1	2	2	3
11	1	0	9	16
11	3	3	1	1
11	0	0	2	3
12	0	2	6	19
12	2	1	2	3
12	2	2	1	1
12	2	3	4	6
12	0	3	7	21
12	3	0	6	20
12	0	0	2	3
12	1	1	3	1
12	0	1	6	18
12	2	0	5	18
12	1	3	3	4
12	1	2	2	3
12	3	3	1	1
13	3	0	6	20
13	1	2	2	3
13	2	2	1	1
13	2	3	4	6
13	3	3	1	1
13	1	1	3	1
13	0	1	6	18
13	2	0	5	18
13	0	0	2	3
13	0	3	7	21
13	2	1	2	3
13	1	3	3	4
13	0	2	6	19
14	1	2	2	3
14	0	1	6	18
14	0	3	7	21
14	3	0	6	20
14	1	1	3	1
14	3	3	1	1
14	2	3	4	6
14	2	1	2	3
14	2	0	5	18
14	1	3	3	4
14	0	2	6	19
14	0	0	2	3
14	2	2	1	1
15	1	2	2	3
15	3	0	6	20
15	0	2	6	19
15	2	0	5	18
15	1	3	3	4
15	0	1	6	18
15	2	1	2	3
15	3	3	1	1
15	0	3	7	21
15	2	2	1	1
15	0	0	2	3
15	1	1	3	1
15	2	3	4	6
16	3	0	6	20
16	2	0	5	18
16	2	3	4	6
16	2	2	1	1
16	1	1	3	1
16	2	1	2	3
16	3	3	1	1
16	0	3	7	21
16	0	1	6	18
16	1	2	2	3
16	1	3	3	4
16	0	2	6	19
16	0	0	2	3
17	2	2	1	1
17	2	1	2	3
17	2	0	5	18
17	0	1	6	18
17	3	0	6	20
17	1	3	3	4
17	0	3	7	21
17	2	3	4	6
17	1	2	2	3
17	0	2	6	19
17	0	0	2	3
17	1	1	3	1
17	3	3	1	1
18	3	3	1	1
18	0	0	2	3
18	2	2	1	1
18	1	2	2	3
18	2	3	4	6
18	1	3	3	4
18	2	1	2	3
18	3	0	6	20
18	0	3	7	21
18	0	2	6	19
18	2	0	5	18
18	1	1	3	1
18	0	1	6	18
19	0	0	2	3
19	0	1	6	18
19	0	3	7	21
19	1	1	3	1
19	0	2	6	19
19	3	3	1	1
19	2	1	2	3
19	1	3	3	4
19	1	2	2	3
19	2	2	1	1
19	3	0	6	20
19	2	3	4	6
19	2	0	5	18
20	0	1	6	18
20	2	0	5	18
20	0	3	7	21
20	1	3	3	4
20	2	1	2	3
20	0	2	6	19
20	0	0	2	3
20	2	2	1	1
20	1	2	2	3
20	2	3	4	6
20	3	3	1	1
20	1	1	3	1
20	3	0	6	20
21	0	0	2	3
21	2	3	4	6
21	2	1	2	3
21	0	1	6	18
21	0	2	6	19
21	3	0	6	20
21	2	2	1	1
21	3	3	1	1
21	2	0	5	18
21	0	3	7	21
21	1	2	2	3
21	1	1	3	1
21	1	3	3	4
22	0	0	2	3
22	2	0	5	18
22	2	3	4	6
22	1	3	3	4
22	3	3	1	1
22	0	2	6	19
22	1	2	2	3
22	3	0	6	20
22	2	1	2	3
22	0	1	6	18
22	1	1	3	1
22	2	2	1	1
22	0	3	7	21
23	0	3	7	21
23	1	2	2	3
23	3	3	1	1
23	0	2	6	19
23	1	3	3	4
23	2	3	4	6
23	1	1	3	1
23	2	1	2	3
23	0	1	6	18
23	2	0	5	18
23	3	0	6	20
23	2	2	1	1
23	0	0	2	3
24	2	0	5	18
24	1	0	7	17
24	2	3	4	6
24	1	1	1	1
24	3	1	3	3
24	2	2	1	1
24	0	2	6	20
24	1	2	2	3
24	0	1	6	18
24	2	1	3	3
24	1	3	2	3
24	3	2	3	5
24	3	0	8	20
24	0	3	8	22
24	3	3	1	1
24	0	0	2	4
25	0	0	2	4
25	0	3	8	22
25	3	1	3	3
25	0	1	6	18
25	1	0	7	17
25	3	2	3	5
25	1	3	2	3
25	2	1	3	3
25	1	1	1	1
25	2	2	1	1
25	1	2	2	3
25	2	0	5	18
25	3	0	8	20
25	2	3	4	6
25	0	2	6	20
25	3	3	1	1
26	3	3	1	1
26	2	3	4	6
26	1	2	2	3
26	0	1	6	18
26	0	0	2	4
26	1	3	2	3
26	1	1	1	1
26	3	0	8	20
26	2	1	3	3
26	2	2	1	1
26	3	1	3	3
26	1	0	7	17
26	2	0	5	18
26	0	2	6	20
26	0	3	8	22
26	3	2	3	5
27	3	2	3	5
27	2	2	1	1
27	1	3	2	3
27	2	0	5	18
27	2	3	4	6
27	1	1	1	1
27	3	3	1	1
27	0	2	6	20
27	2	1	3	3
27	0	0	2	4
27	1	0	7	17
27	0	1	6	18
27	3	0	8	20
27	3	1	3	3
27	1	2	2	3
27	0	3	8	22
28	0	2	6	20
28	1	3	2	3
28	1	1	1	1
28	2	0	5	18
28	0	1	6	18
28	2	2	1	1
28	1	0	7	17
28	0	3	8	22
28	1	2	2	3
28	2	1	3	3
28	3	3	1	1
28	3	1	3	3
28	3	0	8	20
28	2	3	4	6
28	3	2	3	5
28	0	0	2	4
29	0	3	8	22
29	2	2	1	1
29	0	2	6	20
29	2	1	3	3
29	1	1	1	1
29	0	1	6	18
29	1	3	2	3
29	1	2	2	3
29	2	3	4	6
29	3	1	3	3
29	1	0	7	17
29	2	0	5	18
29	3	2	3	5
29	0	0	2	4
29	3	0	8	20
29	3	3	1	1
30	0	1	6	18
30	2	2	1	1
30	2	3	4	6
30	1	2	2	3
30	2	1	3	3
30	1	0	7	17
30	0	3	8	22
30	3	0	8	20
30	0	2	6	20
30	3	3	1	1
30	1	3	2	3
30	3	2	3	5
30	0	0	2	4
30	3	1	3	3
30	2	0	5	18
30	1	1	1	1
31	0	3	8	22
31	0	0	2	4
31	0	2	6	20
31	3	1	3	3
31	0	1	6	18
31	1	0	7	17
31	3	0	8	20
31	1	2	2	3
31	3	3	1	1
31	1	3	2	3
31	2	3	4	6
31	2	0	5	18
31	3	2	3	5
31	2	2	1	1
31	1	1	1	1
31	2	1	3	3
32	1	2	2	3
32	2	2	1	1
32	2	3	4	6
32	3	0	8	20
32	3	1	3	3
32	2	0	5	18
32	3	2	3	5
32	3	3	1	1
32	1	3	2	3
32	1	1	1	1
32	0	0	2	4
32	0	2	6	20
32	1	0	7	17
32	2	1	3	3
32	0	3	8	22
32	0	1	6	18
33	0	2	6	20
33	0	0	2	4
33	1	0	7	17
33	2	0	5	18
33	3	0	8	20
33	1	1	1	1
33	3	1	3	3
33	0	1	6	18
33	3	2	3	5
33	0	3	8	22
33	2	2	1	1
33	2	3	4	6
33	1	2	2	3
33	2	1	3	3
33	3	3	1	1
33	1	3	2	3
34	2	2	1	1
34	2	3	4	6
34	3	1	3	3
34	1	0	7	17
34	1	1	1	1
34	1	3	2	3
34	0	1	6	18
34	3	2	3	5
34	0	2	6	20
34	3	0	8	20
34	2	0	5	18
34	3	3	1	1
34	1	2	2	3
34	0	3	8	22
34	0	0	2	4
34	2	1	3	3
35	0	0	2	4
35	2	2	1	1
35	1	3	2	3
35	3	1	3	3
35	1	0	7	17
35	3	2	3	5
35	0	3	8	22
35	0	1	6	18
35	3	3	1	1
35	3	0	8	20
35	1	2	2	3
35	1	1	1	1
35	2	0	5	18
35	2	3	4	6
35	0	2	6	20
35	2	1	3	3
36	3	0	7	21
36	1	2	2	3
36	2	3	3	6
36	1	0	7	18
36	0	0	2	3
36	0	1	6	18
36	2	0	6	18
36	2	2	1	1
36	0	2	6	18
36	2	1	2	3
36	0	3	6	20
36	1	3	2	4
36	3	3	1	1
36	1	1	2	2
37	0	1	6	18
37	2	0	6	18
37	2	1	2	3
37	0	3	6	20
37	1	0	7	18
37	3	3	1	1
37	2	3	3	6
37	1	3	2	4
37	0	0	2	3
37	1	1	2	2
37	0	2	6	18
37	1	2	2	3
37	2	2	1	1
37	3	0	7	21
38	3	3	1	1
38	1	0	7	18
38	1	3	2	4
38	0	1	6	18
38	2	1	2	3
38	2	2	1	1
38	0	2	6	18
38	0	0	2	3
38	0	3	6	20
38	2	3	3	6
38	2	0	6	18
38	1	1	2	2
38	3	0	7	21
38	1	2	2	3
39	0	3	6	20
39	1	3	2	4
39	2	0	6	18
39	1	0	7	18
39	0	2	6	18
39	2	2	1	1
39	1	1	2	2
39	0	0	2	3
39	2	1	2	3
39	3	0	7	21
39	0	1	6	18
39	1	2	2	3
39	3	3	1	1
39	2	3	3	6
40	2	1	2	3
40	1	0	7	18
40	3	3	1	1
40	2	3	3	6
40	1	2	2	3
40	2	2	1	1
40	1	3	2	4
40	1	1	2	2
40	3	0	7	21
40	0	3	6	20
40	0	1	6	18
40	0	0	2	3
40	2	0	6	18
40	0	2	6	18
41	1	1	2	2
41	1	2	2	3
41	2	3	3	6
41	2	0	6	18
41	0	0	2	3
41	1	0	7	18
41	3	0	7	21
41	1	3	2	4
41	3	3	1	1
41	2	1	2	3
41	0	1	6	18
41	0	3	6	20
41	0	2	6	18
41	2	2	1	1
42	2	0	6	18
42	1	3	2	4
42	3	3	1	1
42	0	0	2	3
42	2	1	2	3
42	2	2	1	1
42	1	0	7	18
42	1	2	2	3
42	0	1	6	18
42	0	2	6	18
42	2	3	3	6
42	0	3	6	20
42	3	0	7	21
42	1	1	2	2
43	1	2	2	3
43	3	0	7	21
43	1	0	7	18
43	2	2	1	1
43	2	1	2	3
43	3	3	1	1
43	0	1	6	18
43	0	0	2	3
43	0	3	6	20
43	1	1	2	2
43	0	2	6	18
43	2	0	6	18
43	1	3	2	4
43	2	3	3	6
44	0	0	2	3
44	2	2	1	1
44	2	3	3	6
44	3	0	7	21
44	0	3	6	20
44	1	1	2	2
44	1	3	2	4
44	0	1	6	18
44	3	3	1	1
44	2	1	2	3
44	0	2	6	18
44	1	2	2	3
44	2	0	6	18
44	1	0	7	18
45	2	0	6	18
45	1	0	7	18
45	3	0	7	21
45	0	1	6	18
45	0	0	2	3
45	2	1	2	3
45	2	2	1	1
45	1	1	2	2
45	2	3	3	6
45	3	3	1	1
45	1	3	2	4
45	1	2	2	3
45	0	3	6	20
45	0	2	6	18
46	2	1	2	3
46	0	0	2	3
46	0	2	6	18
46	1	3	2	4
46	3	0	7	21
46	2	0	6	18
46	1	0	7	18
46	0	1	6	18
46	2	2	1	1
46	1	1	2	2
46	1	2	2	3
46	2	3	3	6
46	0	3	6	20
46	3	3	1	1
47	1	2	2	3
47	0	2	6	18
47	0	0	2	3
47	2	2	1	1
47	2	1	2	3
47	3	0	7	21
47	0	1	6	18
47	1	0	7	18
47	0	3	6	20
47	2	0	6	18
47	2	3	3	6
47	3	3	1	1
47	1	3	2	4
47	1	1	2	2
48	2	0	6	18
48	3	0	7	20
48	0	3	7	21
48	0	0	2	4
48	1	2	2	3
48	2	2	1	1
48	2	3	4	8
48	3	2	6	6
48	3	3	1	1
48	1	0	6	18
48	1	3	2	3
48	1	1	2	1
48	0	1	6	18
48	0	2	6	18
48	2	1	2	3
48	3	1	2	4
49	3	3	1	1
49	1	3	2	3
49	2	0	6	18
49	0	1	6	18
49	1	0	6	18
49	3	0	7	20
49	2	2	1	1
49	0	0	2	4
49	1	1	2	1
49	0	2	6	18
49	2	3	4	8
49	2	1	2	3
49	1	2	2	3
49	3	1	2	4
49	0	3	7	21
49	3	2	6	6
50	0	0	2	4
50	3	3	1	1
50	1	3	2	3
50	3	2	6	6
50	1	2	2	3
50	1	0	6	18
50	0	2	6	18
50	2	1	2	3
50	2	3	4	8
50	0	3	7	21
50	0	1	6	18
50	1	1	2	1
50	2	0	6	18
50	3	0	7	20
50	3	1	2	4
50	2	2	1	1
51	3	1	2	4
51	0	0	2	4
51	1	2	2	3
51	2	1	2	3
51	3	3	1	1
51	3	0	7	20
51	1	1	2	1
51	2	2	1	1
51	1	3	2	3
51	0	3	7	21
51	3	2	6	6
51	1	0	6	18
51	2	0	6	18
51	0	1	6	18
51	0	2	6	18
51	2	3	4	8
52	1	3	2	3
52	0	1	6	18
52	2	3	4	8
52	1	1	2	1
52	3	3	1	1
52	3	2	6	6
52	1	0	6	18
52	0	3	7	21
52	2	2	1	1
52	0	0	2	4
52	2	1	2	3
52	1	2	2	3
52	2	0	6	18
52	3	1	2	4
52	3	0	7	20
52	0	2	6	18
53	0	2	6	18
53	1	1	2	1
53	0	0	2	4
53	3	1	2	4
53	3	2	6	6
53	2	3	4	8
53	1	2	2	3
53	1	0	6	18
53	0	3	7	21
53	2	2	1	1
53	1	3	2	3
53	3	3	1	1
53	2	1	2	3
53	3	0	7	20
53	2	0	6	18
53	0	1	6	18
54	0	3	7	21
54	2	1	2	3
54	2	0	6	18
54	0	2	6	18
54	1	3	2	3
54	1	0	6	18
54	2	2	1	1
54	3	2	6	6
54	1	1	2	1
54	2	3	4	8
54	1	2	2	3
54	3	1	2	4
54	0	1	6	18
54	3	3	1	1
54	3	0	7	20
54	0	0	2	4
55	3	3	1	1
55	2	2	1	1
55	1	3	2	3
55	0	3	7	21
55	2	3	4	8
55	0	2	6	18
55	2	0	6	18
55	0	1	6	18
55	1	0	6	18
55	0	0	2	4
55	1	2	2	3
55	2	1	2	3
55	1	1	2	1
55	3	2	6	6
55	3	0	7	20
55	3	1	2	4
56	0	2	6	18
56	0	3	7	21
56	2	2	1	1
56	2	1	2	3
56	3	0	7	20
56	1	0	6	18
56	1	1	2	1
56	2	3	4	8
56	3	3	1	1
56	1	2	2	3
56	0	0	2	4
56	3	1	2	4
56	1	3	2	3
56	2	0	6	18
56	3	2	6	6
56	0	1	6	18
57	1	2	2	3
57	1	3	2	3
57	2	3	4	8
57	3	3	1	1
57	0	0	2	4
57	2	0	6	18
57	1	1	2	1
57	3	2	6	6
57	0	1	6	18
57	3	0	7	20
57	0	2	6	18
57	2	1	2	3
57	0	3	7	21
57	3	1	2	4
57	2	2	1	1
57	1	0	6	18
58	0	3	7	21
58	1	1	2	1
58	1	2	2	3
58	2	0	6	18
58	2	1	2	3
58	2	2	1	1
58	2	3	4	8
58	0	0	2	4
58	3	0	7	20
58	0	1	6	18
58	3	1	2	4
58	3	2	6	6
58	3	3	1	1
58	0	2	6	18
58	1	0	6	18
58	1	3	2	3
59	2	0	6	18
59	3	3	1	1
59	2	1	2	3
59	0	2	6	18
59	1	1	2	1
59	1	0	6	18
59	3	2	6	6
59	3	1	2	4
59	2	3	4	8
59	0	1	6	18
59	1	3	2	3
59	3	0	7	20
59	0	3	7	21
59	1	2	2	3
59	0	0	2	4
59	2	2	1	1
60	1	1	1	1
60	0	0	2	3
60	3	2	3	5
60	2	1	2	3
60	3	3	1	1
60	1	3	2	3
60	2	3	4	6
60	2	0	6	18
60	0	2	8	19
60	3	1	2	3
60	0	1	8	18
60	2	2	0	0
60	0	3	7	21
60	1	2	2	3
60	1	0	7	19
60	3	0	8	21
61	1	0	7	19
61	1	2	2	3
61	2	0	6	18
61	2	2	0	0
61	0	0	2	3
61	2	1	2	3
61	1	3	2	3
61	1	1	1	1
61	3	0	8	21
61	0	2	8	19
61	3	1	2	3
61	3	2	3	5
61	0	3	7	21
61	3	3	1	1
61	2	3	4	6
61	0	1	8	18
62	0	3	7	21
62	2	0	6	18
62	0	1	8	18
62	2	1	2	3
62	2	3	4	6
62	1	0	7	19
62	0	0	2	3
62	3	1	2	3
62	3	2	3	5
62	2	2	0	0
62	3	3	1	1
62	1	2	2	3
62	0	2	8	19
62	1	3	2	3
62	1	1	1	1
62	3	0	8	21
63	1	3	2	3
63	1	2	2	3
63	2	0	6	18
63	3	1	2	3
63	1	1	1	1
63	3	0	8	21
63	0	0	2	3
63	3	3	1	1
63	0	1	8	18
63	2	3	4	6
63	2	2	0	0
63	0	2	8	19
63	3	2	3	5
63	2	1	2	3
63	1	0	7	19
63	0	3	7	21
64	3	2	3	5
64	2	1	2	3
64	1	3	2	3
64	3	0	8	21
64	2	2	0	0
64	0	1	8	18
64	2	3	4	6
64	1	1	1	1
64	3	1	2	3
64	0	2	8	19
64	3	3	1	1
64	0	3	7	21
64	1	2	2	3
64	1	0	7	19
64	0	0	2	3
64	2	0	6	18
65	3	2	3	5
65	2	2	0	0
65	2	0	6	18
65	1	2	2	3
65	0	1	8	18
65	2	1	2	3
65	1	1	1	1
65	0	2	8	19
65	0	0	2	3
65	1	3	2	3
65	2	3	4	6
65	3	3	1	1
65	1	0	7	19
65	3	0	8	21
65	3	1	2	3
65	0	3	7	21
66	3	3	1	1
66	3	2	3	5
66	0	2	8	19
66	0	3	7	21
66	2	3	4	6
66	1	1	1	1
66	0	1	8	18
66	2	1	2	3
66	3	1	2	3
66	2	0	6	18
66	1	3	2	3
66	0	0	2	3
66	1	0	7	19
66	1	2	2	3
66	2	2	0	0
66	3	0	8	21
67	3	3	1	1
67	3	1	2	3
67	3	2	3	5
67	0	2	8	19
67	0	3	7	21
67	1	0	7	19
67	1	1	1	1
67	1	2	2	3
67	1	3	2	3
67	2	0	6	18
67	2	1	2	3
67	2	2	0	0
67	2	3	4	6
67	3	0	8	21
67	0	0	2	3
67	0	1	8	18
68	3	2	3	5
68	2	0	6	18
68	3	1	2	3
68	3	3	1	1
68	0	3	7	21
68	1	1	1	1
68	3	0	8	21
68	1	2	2	3
68	0	2	8	19
68	2	3	4	6
68	0	1	8	18
68	1	0	7	19
68	2	2	0	0
68	2	1	2	3
68	1	3	2	3
68	0	0	2	3
69	3	0	8	21
69	2	3	4	6
69	2	2	0	0
69	2	1	2	3
69	1	0	7	19
69	3	1	2	3
69	0	0	2	3
69	3	2	3	5
69	2	0	6	18
69	0	1	8	18
69	1	2	2	3
69	0	3	7	21
69	1	1	1	1
69	3	3	1	1
69	0	2	8	19
69	1	3	2	3
70	2	3	4	6
70	3	1	2	3
70	0	2	8	19
70	1	0	7	19
70	0	0	2	3
70	3	0	8	21
70	0	3	7	21
70	3	3	1	1
70	1	1	1	1
70	0	1	8	18
70	2	2	0	0
70	1	2	2	3
70	2	1	2	3
70	3	2	3	5
70	2	0	6	18
70	1	3	2	3
71	1	0	7	19
71	2	0	6	18
71	3	2	3	5
71	3	3	1	1
71	1	3	2	3
71	3	0	8	21
71	2	1	2	3
71	0	2	8	19
71	2	2	0	0
71	1	1	1	1
71	1	2	2	3
71	0	3	7	21
71	3	1	2	3
71	2	3	4	6
71	0	1	8	18
71	0	0	2	3
72	0	1	10	18
72	0	2	10	19
72	2	0	7	18
72	2	1	2	3
72	1	2	3	3
72	0	0	2	3
72	1	3	2	3
72	2	2	5	10
72	2	3	5	7
72	3	3	1	1
72	1	0	7	17
72	1	1	1	1
72	3	0	8	20
72	3	2	4	5
72	3	1	2	3
72	0	3	11	20
73	2	0	7	18
73	2	1	2	3
73	3	1	2	3
73	1	2	3	3
73	0	2	10	19
73	0	1	10	18
73	1	1	1	1
73	3	0	8	20
73	1	0	7	17
73	3	3	1	1
73	2	2	5	10
73	3	2	4	5
73	0	3	11	20
73	1	3	2	3
73	2	3	5	7
73	0	0	2	3
74	3	1	2	3
74	1	1	1	1
74	0	2	10	19
74	2	2	5	10
74	1	3	2	3
74	3	2	4	5
74	2	3	5	7
74	3	0	8	20
74	0	0	2	3
74	2	1	2	3
74	1	0	7	17
74	2	0	7	18
74	3	3	1	1
74	0	3	11	20
74	0	1	10	18
74	1	2	3	3
75	1	0	7	17
75	2	3	5	7
75	0	1	10	18
75	2	0	7	18
75	3	2	4	5
75	3	0	8	20
75	0	3	11	20
75	3	3	1	1
75	1	2	3	3
75	0	0	2	3
75	1	1	1	1
75	2	1	2	3
75	2	2	5	10
75	0	2	10	19
75	1	3	2	3
75	3	1	2	3
76	0	1	10	18
76	1	1	1	1
76	0	3	11	20
76	2	0	7	18
76	2	3	5	7
76	3	0	8	20
76	3	3	1	1
76	2	2	5	10
76	0	2	10	19
76	1	0	7	17
76	0	0	2	3
76	1	3	2	3
76	3	2	4	5
76	2	1	2	3
76	3	1	2	3
76	1	2	3	3
77	0	3	11	20
77	2	0	7	18
77	3	2	4	5
77	3	0	8	20
77	0	1	10	18
77	2	1	2	3
77	1	3	2	3
77	0	0	2	3
77	3	3	1	1
77	3	1	2	3
77	2	2	5	10
77	1	2	3	3
77	1	0	7	17
77	0	2	10	19
77	2	3	5	7
77	1	1	1	1
78	2	2	5	10
78	0	2	10	19
78	3	0	8	20
78	2	0	7	18
78	2	1	2	3
78	3	2	4	5
78	3	1	2	3
78	0	1	10	18
78	0	3	11	20
78	3	3	1	1
78	2	3	5	7
78	1	2	3	3
78	1	3	2	3
78	0	0	2	3
78	1	1	1	1
78	1	0	7	17
79	3	0	8	20
79	2	3	5	7
79	0	2	10	19
79	2	0	7	18
79	3	1	2	3
79	1	0	7	17
79	0	3	11	20
79	2	2	5	10
79	3	2	4	5
79	1	3	2	3
79	2	1	2	3
79	1	1	1	1
79	3	3	1	1
79	1	2	3	3
79	0	0	2	3
79	0	1	10	18
80	0	0	2	3
80	1	2	3	3
80	3	0	8	20
80	3	3	1	1
80	1	1	1	1
80	1	0	7	17
80	1	3	2	3
80	2	3	5	7
80	0	3	11	20
80	2	2	5	10
80	0	1	10	18
80	2	0	7	18
80	3	1	2	3
80	2	1	2	3
80	0	2	10	19
80	3	2	4	5
81	2	3	5	7
81	3	1	2	3
81	2	2	5	10
81	3	3	1	1
81	2	1	2	3
81	3	0	8	20
81	1	0	7	17
81	3	2	4	5
81	0	3	11	20
81	1	1	1	1
81	0	0	2	3
81	2	0	7	18
81	1	3	2	3
81	0	2	10	19
81	0	1	10	18
81	1	2	3	3
82	2	0	7	18
82	3	0	8	20
82	3	3	1	1
82	1	3	2	3
82	2	1	2	3
82	0	2	10	19
82	0	0	2	3
82	1	2	3	3
82	0	3	11	20
82	2	3	5	7
82	3	1	2	3
82	1	1	1	1
82	1	0	7	17
82	3	2	4	5
82	0	1	10	18
82	2	2	5	10
83	3	0	8	20
83	1	2	3	3
83	2	2	5	10
83	2	3	5	7
83	1	0	7	17
83	1	1	1	1
83	3	2	4	5
83	2	0	7	18
83	2	1	2	3
83	0	3	11	20
83	3	1	2	3
83	0	1	10	18
83	0	0	2	3
83	1	3	2	3
83	0	2	10	19
83	3	3	1	1
84	1	2	3	3
84	3	0	10	21
84	0	2	12	18
84	0	3	13	20
84	2	1	3	3
84	0	1	12	18
84	1	1	1	1
84	3	3	3	3
84	1	3	3	3
84	0	0	2	4
84	1	0	10	18
84	2	0	9	18
84	3	1	3	3
84	3	2	4	6
84	2	3	5	6
84	2	2	2	2
85	0	2	12	18
85	3	0	10	21
85	0	1	12	18
85	1	2	3	3
85	3	2	4	6
85	3	1	3	3
85	0	0	2	4
85	2	3	5	6
85	0	3	13	20
85	1	3	3	3
85	1	0	10	18
85	2	2	2	2
85	3	3	3	3
85	1	1	1	1
85	2	0	9	18
85	2	1	3	3
86	0	2	12	18
86	0	3	13	20
86	3	1	3	3
86	2	0	9	18
86	2	3	5	6
86	3	2	4	6
86	1	3	3	3
86	1	0	10	18
86	2	1	3	3
86	1	2	3	3
86	3	0	10	21
86	0	0	2	4
86	1	1	1	1
86	0	1	12	18
86	2	2	2	2
86	3	3	3	3
87	0	3	13	20
87	3	0	10	21
87	2	1	3	3
87	0	2	12	18
87	3	2	4	6
87	2	2	2	2
87	2	3	5	6
87	0	1	12	18
87	1	2	3	3
87	1	0	10	18
87	3	3	3	3
87	1	1	1	1
87	3	1	3	3
87	1	3	3	3
87	0	0	2	4
87	2	0	9	18
88	0	2	12	18
88	2	1	3	3
88	3	3	3	3
88	1	2	3	3
88	3	0	10	21
88	0	3	13	20
88	3	1	3	3
88	1	3	3	3
88	0	0	2	4
88	2	3	5	6
88	2	2	2	2
88	2	0	9	18
88	3	2	4	6
88	0	1	12	18
88	1	0	10	18
88	1	1	1	1
89	0	0	2	4
89	0	1	12	18
89	0	2	12	18
89	3	2	4	6
89	1	2	3	3
89	1	1	1	1
89	3	3	3	3
89	2	3	5	6
89	1	0	10	18
89	3	1	3	3
89	1	3	3	3
89	2	0	9	18
89	0	3	13	20
89	2	1	3	3
89	2	2	2	2
89	3	0	10	21
90	2	0	9	18
90	0	1	12	18
90	0	2	12	18
90	1	3	3	3
90	2	3	5	6
90	1	0	10	18
90	1	2	3	3
90	2	1	3	3
90	0	0	2	4
90	3	2	4	6
90	3	3	3	3
90	0	3	13	20
90	3	0	10	21
90	2	2	2	2
90	3	1	3	3
90	1	1	1	1
91	0	2	12	18
91	1	1	1	1
91	1	0	10	18
91	2	1	3	3
91	0	0	2	4
91	2	0	9	18
91	0	3	13	20
91	3	3	3	3
91	3	0	10	21
91	2	2	2	2
91	3	2	4	6
91	0	1	12	18
91	1	3	3	3
91	2	3	5	6
91	3	1	3	3
91	1	2	3	3
92	3	2	4	6
92	0	0	2	4
92	3	3	3	3
92	2	2	2	2
92	3	1	3	3
92	3	0	10	21
92	2	3	5	6
92	0	2	12	18
92	0	3	13	20
92	2	1	3	3
92	1	0	10	18
92	1	3	3	3
92	1	2	3	3
92	1	1	1	1
92	0	1	12	18
92	2	0	9	18
93	0	0	2	4
93	0	2	12	18
93	0	1	12	18
93	3	1	3	3
93	3	0	10	21
93	2	3	5	6
93	2	2	2	2
93	2	1	3	3
93	2	0	9	18
93	1	3	3	3
93	3	3	3	3
93	1	2	3	3
93	3	2	4	6
93	1	0	10	18
93	0	3	13	20
93	1	1	1	1
94	0	3	13	20
94	1	0	10	18
94	1	1	1	1
94	0	1	12	18
94	2	3	5	6
94	2	2	2	2
94	1	2	3	3
94	2	1	3	3
94	1	3	3	3
94	0	0	2	4
94	0	2	12	18
94	2	0	9	18
94	3	0	10	21
94	3	1	3	3
94	3	2	4	6
94	3	3	3	3
95	2	0	9	18
95	3	1	3	3
95	0	1	12	18
95	1	2	3	3
95	0	0	2	4
95	3	0	10	21
95	3	3	3	3
95	0	2	12	18
95	1	0	10	18
95	2	1	3	3
95	0	3	13	20
95	1	1	1	1
95	1	3	3	3
95	2	3	5	6
95	3	2	4	6
95	2	2	2	2
96	0	0	2	3
96	0	3	13	20
96	3	1	4	3
96	0	1	13	19
96	3	3	2	1
96	3	2	7	8
96	3	0	10	21
96	2	3	5	6
96	2	2	3	2
96	0	2	11	19
96	2	0	9	18
96	1	3	4	3
96	1	2	4	3
96	1	1	2	1
96	1	0	10	18
96	2	1	4	3
97	2	1	4	3
97	3	3	2	1
97	3	2	7	8
97	3	1	4	3
97	3	0	10	21
97	2	2	3	2
97	2	3	5	6
97	1	1	2	1
97	1	3	4	3
97	1	2	4	3
97	1	0	10	18
97	0	3	13	20
97	0	2	11	19
97	0	1	13	19
97	0	0	2	3
97	2	0	9	18
98	2	2	3	2
98	3	3	2	1
98	3	2	7	8
98	3	1	4	3
98	3	0	10	21
98	2	3	5	6
98	2	1	4	3
98	0	1	13	19
98	1	3	4	3
98	1	2	4	3
98	1	1	2	1
98	1	0	10	18
98	0	3	13	20
98	0	2	11	19
98	0	0	2	3
98	2	0	9	18
99	1	0	10	18
99	0	0	2	3
99	0	1	13	19
99	0	2	11	19
99	0	3	13	20
99	1	1	2	1
99	3	2	7	8
99	1	3	4	3
99	3	3	2	1
99	2	0	9	18
99	1	2	4	3
99	3	1	4	3
99	2	3	5	6
99	3	0	10	21
99	2	1	4	3
99	2	2	3	2
100	0	2	11	19
100	2	3	5	6
100	1	0	10	18
100	3	3	2	1
100	2	0	9	18
100	1	2	4	3
100	0	0	2	3
100	0	3	13	20
100	3	0	10	21
100	2	2	3	2
100	2	1	4	3
100	3	1	4	3
100	1	1	2	1
100	1	3	4	3
100	3	2	7	8
100	0	1	13	19
101	0	0	2	3
101	3	2	7	8
101	3	3	2	1
101	2	1	4	3
101	3	0	10	21
101	0	1	13	19
101	0	2	11	19
101	2	2	3	2
101	2	3	5	6
101	3	1	4	3
101	2	0	9	18
101	1	1	2	1
101	1	0	10	18
101	1	2	4	3
101	1	3	4	3
101	0	3	13	20
102	3	1	4	3
102	0	1	13	19
102	1	3	4	3
102	3	0	10	21
102	2	2	3	2
102	1	0	10	18
102	1	2	4	3
102	2	1	4	3
102	2	0	9	18
102	3	2	7	8
102	1	1	2	1
102	0	3	13	20
102	2	3	5	6
102	0	2	11	19
102	3	3	2	1
102	0	0	2	3
103	0	3	13	20
103	1	0	10	18
103	0	2	11	19
103	3	3	2	1
103	2	0	9	18
103	3	2	7	8
103	0	0	2	3
103	2	1	4	3
103	1	3	4	3
103	2	2	3	2
103	1	2	4	3
103	2	3	5	6
103	0	1	13	19
103	1	1	2	1
103	3	1	4	3
103	3	0	10	21
104	3	1	4	3
104	1	3	4	3
104	2	1	4	3
104	3	0	10	21
104	2	2	3	2
104	3	2	7	8
104	1	1	2	1
104	1	0	10	18
104	3	3	2	1
104	0	3	13	20
104	2	3	5	6
104	0	2	11	19
104	1	2	4	3
104	2	0	9	18
104	0	1	13	19
104	0	0	2	3
105	2	0	9	18
105	2	1	4	3
105	1	0	10	18
105	2	2	3	2
105	2	3	5	6
105	3	0	10	21
105	1	3	4	3
105	0	3	13	20
105	1	2	4	3
105	0	1	13	19
105	3	1	4	3
105	3	2	7	8
105	0	0	2	3
105	3	3	2	1
105	0	2	11	19
105	1	1	2	1
106	2	2	3	2
106	0	0	2	3
106	2	1	4	3
106	1	3	4	3
106	1	1	2	1
106	1	2	4	3
106	1	0	10	18
106	3	2	7	8
106	0	1	13	19
106	0	2	11	19
106	3	1	4	3
106	3	0	10	21
106	2	3	5	6
106	2	0	9	18
106	3	3	2	1
106	0	3	13	20
107	0	3	13	20
107	3	2	7	8
107	2	2	3	2
107	1	2	4	3
107	2	0	9	18
107	1	1	2	1
107	0	2	11	19
107	3	0	10	21
107	3	1	4	3
107	1	0	10	18
107	2	1	4	3
107	2	3	5	6
107	0	1	13	19
107	0	0	2	3
107	3	3	2	1
107	1	3	4	3
108	1	1	3	2
108	0	3	12	21
108	2	2	1	1
108	2	1	4	3
108	1	0	10	18
108	0	2	11	19
108	2	3	6	7
108	2	0	9	19
108	3	0	10	22
108	3	3	2	1
108	0	0	2	3
108	1	2	4	3
108	3	1	4	3
108	1	3	4	3
108	3	2	6	7
108	0	1	12	18
109	1	3	4	3
109	1	2	4	3
109	2	0	9	19
109	0	1	12	18
109	2	1	4	3
109	1	1	3	2
109	0	2	11	19
109	0	0	2	3
109	2	3	6	7
109	3	0	10	22
109	3	3	2	1
109	2	2	1	1
109	1	0	10	18
109	0	3	12	21
109	3	2	6	7
109	3	1	4	3
110	0	1	12	18
110	0	2	11	19
110	1	3	4	3
110	1	2	4	3
110	2	2	1	1
110	2	1	4	3
110	1	1	3	2
110	3	2	6	7
110	0	3	12	21
110	2	3	6	7
110	0	0	2	3
110	3	3	2	1
110	2	0	9	19
110	3	0	10	22
110	1	0	10	18
110	3	1	4	3
111	2	3	6	7
111	1	3	4	3
111	1	0	10	18
111	3	2	6	7
111	3	3	2	1
111	0	3	12	21
111	1	1	3	2
111	2	2	1	1
111	3	0	10	22
111	3	1	4	3
111	0	2	11	19
111	2	1	4	3
111	1	2	4	3
111	2	0	9	19
111	0	0	2	3
111	0	1	12	18
112	2	1	4	3
112	1	2	4	3
112	0	0	2	3
112	3	0	10	22
112	3	2	6	7
112	0	1	12	18
112	2	3	6	7
112	3	1	4	3
112	2	0	9	19
112	1	1	3	2
112	2	2	1	1
112	0	2	11	19
112	3	3	2	1
112	0	3	12	21
112	1	3	4	3
112	1	0	10	18
113	1	0	10	18
113	0	3	12	21
113	0	1	12	18
113	0	2	11	19
113	0	0	2	3
113	2	0	9	19
113	3	3	2	1
113	2	3	6	7
113	3	2	6	7
113	1	2	4	3
113	1	3	4	3
113	2	1	4	3
113	1	1	3	2
113	3	0	10	22
113	2	2	1	1
113	3	1	4	3
114	3	2	6	7
114	1	3	4	3
114	2	3	6	7
114	1	0	10	18
114	3	1	4	3
114	1	2	4	3
114	0	3	12	21
114	2	2	1	1
114	0	2	11	19
114	3	0	10	22
114	2	1	4	3
114	2	0	9	19
114	0	0	2	3
114	0	1	12	18
114	1	1	3	2
114	3	3	2	1
115	0	1	12	18
115	0	2	11	19
115	0	0	2	3
115	0	3	12	21
115	2	0	9	19
115	3	3	2	1
115	1	0	10	18
115	3	2	6	7
115	2	1	4	3
115	1	3	4	3
115	1	1	3	2
115	2	2	1	1
115	1	2	4	3
115	2	3	6	7
115	3	0	10	22
115	3	1	4	3
116	0	1	12	18
116	0	3	12	21
116	1	0	10	18
116	1	1	3	2
116	1	2	4	3
116	1	3	4	3
116	0	0	2	3
116	2	0	9	19
116	0	2	11	19
116	3	1	4	3
116	3	2	6	7
116	3	0	10	22
116	2	3	6	7
116	3	3	2	1
116	2	1	4	3
116	2	2	1	1
117	3	0	10	22
117	2	3	6	7
117	2	2	1	1
117	3	1	4	3
117	0	1	12	18
117	2	1	4	3
117	2	0	9	19
117	1	3	4	3
117	1	2	4	3
117	1	1	3	2
117	1	0	10	18
117	3	2	6	7
117	0	2	11	19
117	0	3	12	21
117	3	3	2	1
117	0	0	2	3
118	2	3	6	7
118	3	0	10	22
118	0	3	12	21
118	0	2	11	19
118	2	1	4	3
118	3	1	4	3
118	1	0	10	18
118	3	2	6	7
118	0	1	12	18
118	0	0	2	3
118	2	0	9	19
118	1	1	3	2
118	2	2	1	1
118	1	2	4	3
118	3	3	2	1
118	1	3	4	3
119	1	1	3	2
119	2	2	1	1
119	1	2	4	3
119	2	0	9	19
119	0	0	2	3
119	1	3	4	3
119	2	1	4	3
119	0	3	12	21
119	3	0	10	22
119	3	1	4	3
119	0	2	11	19
119	0	1	12	18
119	3	3	2	1
119	1	0	10	18
119	3	2	6	7
119	2	3	6	7
120	3	2	6	7
120	1	3	5	3
120	3	3	3	3
120	1	0	10	18
120	0	3	12	20
120	0	1	13	19
120	3	0	10	21
120	2	2	2	1
120	2	0	9	18
120	1	2	4	3
120	0	2	11	20
120	3	1	4	3
120	1	1	3	2
120	2	1	4	3
120	0	0	2	4
120	2	3	6	7
121	0	2	11	20
121	2	1	4	3
121	1	2	4	3
121	0	1	13	19
121	3	2	6	7
121	3	3	3	3
121	2	0	9	18
121	2	3	6	7
121	1	0	10	18
121	3	0	10	21
121	2	2	2	1
121	3	1	4	3
121	1	3	5	3
121	0	0	2	4
121	0	3	12	20
121	1	1	3	2
122	1	0	10	18
122	3	3	3	3
122	3	1	4	3
122	3	2	6	7
122	1	2	4	3
122	2	0	9	18
122	0	1	13	19
122	0	2	11	20
122	0	0	2	4
122	1	3	5	3
122	2	3	6	7
122	1	1	3	2
122	2	2	2	1
122	2	1	4	3
122	0	3	12	20
122	3	0	10	21
123	2	0	9	18
123	1	2	4	3
123	1	0	10	18
123	2	2	2	1
123	0	2	11	20
123	0	0	2	4
123	1	1	3	2
123	3	0	10	21
123	0	1	13	19
123	3	3	3	3
123	1	3	5	3
123	0	3	12	20
123	3	1	4	3
123	2	1	4	3
123	3	2	6	7
123	2	3	6	7
124	0	0	2	4
124	3	0	10	21
124	1	0	10	18
124	2	3	6	7
124	3	2	6	7
124	3	3	3	3
124	0	3	12	20
124	0	1	13	19
124	1	1	3	2
124	2	0	9	18
124	1	3	5	3
124	1	2	4	3
124	3	1	4	3
124	2	2	2	1
124	0	2	11	20
124	2	1	4	3
125	1	3	5	3
125	0	3	12	20
125	3	0	10	21
125	2	2	2	1
125	3	1	4	3
125	3	3	3	3
125	3	2	6	7
125	2	1	4	3
125	1	0	10	18
125	1	1	3	2
125	2	3	6	7
125	2	0	9	18
125	1	2	4	3
125	0	0	2	4
125	0	2	11	20
125	0	1	13	19
126	2	3	6	7
126	1	1	3	2
126	3	3	3	3
126	0	3	12	20
126	2	1	4	3
126	3	1	4	3
126	0	2	11	20
126	2	0	9	18
126	1	0	10	18
126	1	3	5	3
126	0	1	13	19
126	3	0	10	21
126	2	2	2	1
126	3	2	6	7
126	0	0	2	4
126	1	2	4	3
127	0	3	12	20
127	2	3	6	7
127	1	1	3	2
127	2	0	9	18
127	0	0	2	4
127	2	2	2	1
127	3	1	4	3
127	3	3	3	3
127	3	0	10	21
127	1	0	10	18
127	1	3	5	3
127	3	2	6	7
127	0	2	11	20
127	2	1	4	3
127	0	1	13	19
127	1	2	4	3
128	0	3	12	20
128	3	3	3	3
128	1	1	3	2
128	3	1	4	3
128	0	0	2	4
128	3	0	10	21
128	0	2	11	20
128	1	2	4	3
128	1	3	5	3
128	2	2	2	1
128	2	1	4	3
128	2	3	6	7
128	1	0	10	18
128	2	0	9	18
128	0	1	13	19
128	3	2	6	7
129	3	0	10	21
129	1	0	10	18
129	0	1	13	19
129	2	2	2	1
129	1	1	3	2
129	1	2	4	3
129	0	3	12	20
129	2	1	4	3
129	0	2	11	20
129	3	1	4	3
129	3	3	3	3
129	2	0	9	18
129	1	3	5	3
129	3	2	6	7
129	2	3	6	7
129	0	0	2	4
130	0	3	12	20
130	1	3	5	3
130	1	0	10	18
130	0	1	13	19
130	0	0	2	4
130	2	1	4	3
130	3	0	10	21
130	1	1	3	2
130	2	3	6	7
130	3	2	6	7
130	0	2	11	20
130	3	3	3	3
130	2	2	2	1
130	3	1	4	3
130	2	0	9	18
130	1	2	4	3
131	1	1	3	2
131	2	1	4	3
131	1	0	10	18
131	2	0	9	18
131	3	2	6	7
131	2	2	2	1
131	0	0	2	4
131	1	3	5	3
131	0	2	11	20
131	3	3	3	3
131	1	2	4	3
131	2	3	6	7
131	3	1	4	3
131	0	3	12	20
131	3	0	10	21
131	0	1	13	19
132	3	3	2	2
132	1	3	4	3
132	2	0	10	18
132	2	1	4	3
132	1	1	2	2
132	2	2	2	2
132	0	1	13	18
132	1	2	5	3
132	0	0	2	3
132	3	1	5	3
132	3	2	6	7
132	0	3	11	20
132	0	2	12	19
132	2	3	7	7
132	3	0	12	21
132	1	0	10	18
133	2	3	7	7
133	0	1	13	18
133	1	2	5	3
133	0	2	12	19
133	2	2	2	2
133	3	3	2	2
133	1	0	10	18
133	3	1	5	3
133	0	0	2	3
133	1	1	2	2
133	1	3	4	3
133	3	0	12	21
133	0	3	11	20
133	2	0	10	18
133	3	2	6	7
133	2	1	4	3
134	3	1	5	3
134	2	1	4	3
134	0	2	12	19
134	3	0	12	21
134	0	1	13	18
134	2	0	10	18
134	2	2	2	2
134	3	3	2	2
134	1	2	5	3
134	0	0	2	3
134	3	2	6	7
134	1	0	10	18
134	1	1	2	2
134	2	3	7	7
134	0	3	11	20
134	1	3	4	3
135	0	2	12	19
135	3	2	6	7
135	3	0	12	21
135	1	3	4	3
135	3	3	2	2
135	1	2	5	3
135	0	0	2	3
135	0	1	13	18
135	1	0	10	18
135	1	1	2	2
135	2	2	2	2
135	2	0	10	18
135	0	3	11	20
135	3	1	5	3
135	2	3	7	7
135	2	1	4	3
136	3	0	12	21
136	2	2	2	2
136	0	0	2	3
136	0	2	12	19
136	1	1	2	2
136	1	0	10	18
136	3	3	2	2
136	2	0	10	18
136	0	3	11	20
136	2	3	7	7
136	3	2	6	7
136	1	2	5	3
136	1	3	4	3
136	3	1	5	3
136	2	1	4	3
136	0	1	13	18
137	2	3	7	7
137	3	3	2	2
137	0	3	11	20
137	3	0	12	21
137	2	1	4	3
137	2	2	2	2
137	0	0	2	3
137	2	0	10	18
137	0	2	12	19
137	1	3	4	3
137	1	2	5	3
137	3	2	6	7
137	1	0	10	18
137	3	1	5	3
137	1	1	2	2
137	0	1	13	18
138	3	3	2	2
138	0	2	12	19
138	1	0	10	18
138	3	1	5	3
138	2	2	2	2
138	2	1	4	3
138	0	3	11	20
138	0	1	13	18
138	3	2	6	7
138	2	0	10	18
138	2	3	7	7
138	1	3	4	3
138	1	2	5	3
138	3	0	12	21
138	0	0	2	3
138	1	1	2	2
139	0	3	11	20
139	3	1	5	3
139	0	2	12	19
139	1	2	5	3
139	1	1	2	2
139	1	0	10	18
139	0	1	13	18
139	0	0	2	3
139	2	1	4	3
139	3	3	2	2
139	2	2	2	2
139	3	0	12	21
139	2	3	7	7
139	1	3	4	3
139	2	0	10	18
139	3	2	6	7
140	2	0	10	18
140	0	0	2	3
140	3	2	6	7
140	1	2	5	3
140	0	2	12	19
140	3	0	12	21
140	0	1	13	18
140	0	3	11	20
140	1	0	10	18
140	2	3	7	7
140	1	3	4	3
140	2	2	2	2
140	3	3	2	2
140	1	1	2	2
140	2	1	4	3
140	3	1	5	3
141	0	1	13	18
141	1	1	2	2
141	3	1	5	3
141	0	0	2	3
141	2	0	10	18
141	2	2	2	2
141	2	3	7	7
141	1	0	10	18
141	0	2	12	19
141	2	1	4	3
141	3	3	2	2
141	1	2	5	3
141	1	3	4	3
141	0	3	11	20
141	3	2	6	7
141	3	0	12	21
142	0	0	2	3
142	3	0	12	21
142	2	2	2	2
142	0	2	12	19
142	1	3	4	3
142	3	3	2	2
142	0	3	11	20
142	2	1	4	3
142	1	1	2	2
142	2	3	7	7
142	1	2	5	3
142	3	2	6	7
142	3	1	5	3
142	0	1	13	18
142	2	0	10	18
142	1	0	10	18
143	3	1	5	3
143	0	2	12	19
143	1	0	10	18
143	0	0	2	3
143	2	0	10	18
143	0	1	13	18
143	3	0	12	21
143	2	2	2	2
143	3	3	2	2
143	3	2	6	7
143	1	3	4	3
143	1	1	2	2
143	0	3	11	20
143	2	1	4	3
143	2	3	7	7
143	1	2	5	3
144	0	1	12	18
144	3	1	4	3
144	3	3	1	1
144	0	2	12	19
144	1	2	5	3
144	1	1	2	1
144	2	2	2	1
144	3	2	6	7
144	3	0	11	21
144	0	3	12	20
144	1	3	4	3
144	1	0	12	18
144	2	1	4	3
144	2	3	6	7
144	2	0	11	18
144	0	0	3	4
145	0	1	12	18
145	2	1	4	3
145	3	2	6	7
145	0	0	3	4
145	2	3	6	7
145	0	3	12	20
145	1	3	4	3
145	2	0	11	18
145	3	0	11	21
145	1	0	12	18
145	0	2	12	19
145	1	1	2	1
145	3	1	4	3
145	3	3	1	1
145	2	2	2	1
145	1	2	5	3
146	3	3	1	1
146	0	3	12	20
146	0	1	12	18
146	1	3	4	3
146	1	2	5	3
146	2	0	11	18
146	3	1	4	3
146	1	0	12	18
146	3	2	6	7
146	2	3	6	7
146	0	2	12	19
146	3	0	11	21
146	1	1	2	1
146	2	2	2	1
146	0	0	3	4
146	2	1	4	3
147	2	3	6	7
147	0	1	12	18
147	3	0	11	21
147	1	1	2	1
147	1	2	5	3
147	2	0	11	18
147	0	2	12	19
147	0	0	3	4
147	0	3	12	20
147	3	1	4	3
147	3	2	6	7
147	1	3	4	3
147	2	1	4	3
147	3	3	1	1
147	1	0	12	18
147	2	2	2	1
148	3	0	11	21
148	2	1	4	3
148	0	0	3	4
148	2	3	6	7
148	3	1	4	3
148	0	3	12	20
148	1	0	12	18
148	3	3	1	1
148	2	2	2	1
148	1	1	2	1
148	1	3	4	3
148	3	2	6	7
148	0	1	12	18
148	0	2	12	19
148	1	2	5	3
148	2	0	11	18
149	0	0	3	4
149	0	2	12	19
149	0	1	12	18
149	0	3	12	20
149	1	0	12	18
149	1	1	2	1
149	1	2	5	3
149	2	1	4	3
149	3	2	6	7
149	3	1	4	3
149	3	0	11	21
149	3	3	1	1
149	2	3	6	7
149	2	2	2	1
149	2	0	11	18
149	1	3	4	3
150	3	0	11	21
150	3	1	4	3
150	2	1	4	3
150	3	3	1	1
150	1	0	12	18
150	2	2	2	1
150	1	3	4	3
150	0	0	3	4
150	1	2	5	3
150	0	2	12	19
150	2	0	11	18
150	3	2	6	7
150	2	3	6	7
150	0	3	12	20
150	0	1	12	18
150	1	1	2	1
151	3	1	4	3
151	3	2	6	7
151	2	3	6	7
151	2	2	2	1
151	1	1	2	1
151	0	0	3	4
151	2	1	4	3
151	1	0	12	18
151	1	2	5	3
151	0	1	12	18
151	3	0	11	21
151	0	3	12	20
151	0	2	12	19
151	3	3	1	1
151	1	3	4	3
151	2	0	11	18
152	3	0	11	21
152	2	0	11	18
152	1	2	5	3
152	3	3	1	1
152	0	0	3	4
152	2	1	4	3
152	1	0	12	18
152	0	1	12	18
152	0	3	12	20
152	0	2	12	19
152	1	3	4	3
152	2	2	2	1
152	2	3	6	7
152	3	1	4	3
152	3	2	6	7
152	1	1	2	1
153	2	0	11	18
153	2	3	6	7
153	3	2	6	7
153	0	3	12	20
153	1	0	12	18
153	0	2	12	19
153	3	3	1	1
153	0	1	12	18
153	1	1	2	1
153	2	2	2	1
153	3	0	11	21
153	1	2	5	3
153	3	1	4	3
153	1	3	4	3
153	2	1	4	3
153	0	0	3	4
154	0	3	12	20
154	0	0	3	4
154	1	3	4	3
154	1	2	5	3
154	0	2	12	19
154	1	0	12	18
154	0	1	12	18
154	1	1	2	1
154	2	0	11	18
154	3	1	4	3
154	3	2	6	7
154	3	0	11	21
154	2	2	2	1
154	2	1	4	3
154	2	3	6	7
154	3	3	1	1
155	0	2	12	19
155	1	3	4	3
155	2	1	4	3
155	0	1	12	18
155	1	2	5	3
155	2	2	2	1
155	2	3	6	7
155	1	1	2	1
155	2	0	11	18
155	3	2	6	7
155	3	3	1	1
155	3	0	11	21
155	0	0	3	4
155	1	0	12	18
155	0	3	12	20
155	3	1	4	3
156	1	3	4	3
156	2	0	12	18
156	1	0	12	18
156	2	3	8	6
156	1	2	5	3
156	3	3	3	1
156	3	1	4	3
156	0	0	3	3
156	0	2	12	18
156	0	1	12	18
156	0	3	12	20
156	2	1	5	3
156	3	0	12	21
156	3	2	6	7
156	2	2	2	1
156	1	1	2	1
157	0	2	12	18
157	0	3	12	20
157	0	0	3	3
157	1	2	5	3
157	3	0	12	21
157	1	3	4	3
157	0	1	12	18
157	3	3	3	1
157	1	0	12	18
157	2	2	2	1
157	3	1	4	3
157	2	0	12	18
157	3	2	6	7
157	1	1	2	1
157	2	1	5	3
157	2	3	8	6
158	3	0	12	21
158	1	2	5	3
158	0	1	12	18
158	1	3	4	3
158	2	3	8	6
158	3	1	4	3
158	1	1	2	1
158	0	0	3	3
158	2	1	5	3
158	2	2	2	1
158	0	2	12	18
158	0	3	12	20
158	1	0	12	18
158	3	3	3	1
158	2	0	12	18
158	3	2	6	7
159	3	1	4	3
159	0	3	12	20
159	3	2	6	7
159	2	1	5	3
159	0	2	12	18
159	2	0	12	18
159	3	3	3	1
159	1	3	4	3
159	1	2	5	3
159	2	3	8	6
159	3	0	12	21
159	1	1	2	1
159	1	0	12	18
159	0	0	3	3
159	2	2	2	1
159	0	1	12	18
160	1	0	12	18
160	2	1	5	3
160	1	3	4	3
160	1	1	2	1
160	3	2	6	7
160	3	3	3	1
160	3	1	4	3
160	0	0	3	3
160	1	2	5	3
160	0	3	12	20
160	0	1	12	18
160	3	0	12	21
160	0	2	12	18
160	2	3	8	6
160	2	0	12	18
160	2	2	2	1
161	1	3	4	3
161	2	0	12	18
161	2	1	5	3
161	2	3	8	6
161	1	2	5	3
161	2	2	2	1
161	3	3	3	1
161	3	0	12	21
161	0	0	3	3
161	0	1	12	18
161	0	3	12	20
161	1	0	12	18
161	0	2	12	18
161	3	1	4	3
161	1	1	2	1
161	3	2	6	7
162	1	1	2	1
162	1	2	5	3
162	1	0	12	18
162	3	1	4	3
162	0	3	12	20
162	1	3	4	3
162	0	2	12	18
162	2	1	5	3
162	0	1	12	18
162	2	2	2	1
162	2	0	12	18
162	3	0	12	21
162	0	0	3	3
162	3	2	6	7
162	3	3	3	1
162	2	3	8	6
163	0	2	12	18
163	0	0	3	3
163	0	3	12	20
163	0	1	12	18
163	1	0	12	18
163	2	1	5	3
163	1	1	2	1
163	2	3	8	6
163	3	3	3	1
163	2	0	12	18
163	1	2	5	3
163	1	3	4	3
163	3	2	6	7
163	2	2	2	1
163	3	1	4	3
163	3	0	12	21
164	3	3	3	1
164	3	2	6	7
164	2	3	8	6
164	2	1	5	3
164	1	0	12	18
164	0	0	3	3
164	1	1	2	1
164	1	3	4	3
164	3	1	4	3
164	1	2	5	3
164	2	0	12	18
164	0	2	12	18
164	0	1	12	18
164	2	2	2	1
164	0	3	12	20
164	3	0	12	21
165	1	0	12	18
165	0	1	12	18
165	3	2	6	7
165	1	3	4	3
165	1	2	5	3
165	2	2	2	1
165	0	3	12	20
165	2	1	5	3
165	3	1	4	3
165	3	3	3	1
165	0	2	12	18
165	0	0	3	3
165	2	3	8	6
165	3	0	12	21
165	1	1	2	1
165	2	0	12	18
166	1	2	5	3
166	3	0	12	21
166	0	1	12	18
166	0	0	3	3
166	3	2	6	7
166	3	1	4	3
166	2	3	8	6
166	0	2	12	18
166	3	3	3	1
166	1	1	2	1
166	0	3	12	20
166	2	2	2	1
166	1	3	4	3
166	2	0	12	18
166	1	0	12	18
166	2	1	5	3
167	2	1	5	3
167	0	3	12	20
167	0	2	12	18
167	3	0	12	21
167	0	1	12	18
167	2	3	8	6
167	3	1	4	3
167	2	2	2	1
167	1	2	5	3
167	3	2	6	7
167	3	3	3	1
167	0	0	3	3
167	1	3	4	3
167	1	1	2	1
167	1	0	12	18
167	2	0	12	18
168	3	0	14	21
168	3	2	7	7
168	3	1	4	3
168	0	0	2	3
168	0	1	11	18
168	2	3	7	6
168	3	3	3	3
168	2	2	2	2
168	0	2	11	19
168	1	1	3	1
168	1	2	4	3
168	1	3	4	3
168	1	0	13	18
168	2	0	13	18
168	2	1	4	3
168	0	3	12	20
169	3	1	4	3
169	2	1	4	3
169	0	3	12	20
169	3	3	3	3
169	2	0	13	18
169	3	2	7	7
169	1	2	4	3
169	0	0	2	3
169	0	1	11	18
169	2	2	2	2
169	1	0	13	18
169	0	2	11	19
169	1	1	3	1
169	1	3	4	3
169	3	0	14	21
169	2	3	7	6
170	1	1	3	1
170	2	0	13	18
170	0	1	11	18
170	3	1	4	3
170	3	3	3	3
170	3	0	14	21
170	0	0	2	3
170	0	3	12	20
170	1	0	13	18
170	3	2	7	7
170	2	3	7	6
170	1	2	4	3
170	2	2	2	2
170	2	1	4	3
170	0	2	11	19
170	1	3	4	3
171	3	1	4	3
171	3	0	14	21
171	1	0	13	18
171	0	0	2	3
171	2	2	2	2
171	0	2	11	19
171	2	1	4	3
171	1	2	4	3
171	2	0	13	18
171	0	3	12	20
171	1	3	4	3
171	2	3	7	6
171	3	3	3	3
171	0	1	11	18
171	1	1	3	1
171	3	2	7	7
172	2	2	2	2
172	2	1	4	3
172	1	1	3	1
172	3	0	14	21
172	2	3	7	6
172	0	3	12	20
172	1	3	4	3
172	3	3	3	3
172	2	0	13	18
172	3	2	7	7
172	0	0	2	3
172	1	0	13	18
172	3	1	4	3
172	1	2	4	3
172	0	1	11	18
172	0	2	11	19
173	0	0	2	3
173	1	1	3	1
173	2	2	2	2
173	1	0	13	18
173	0	3	12	20
173	0	1	11	18
173	0	2	11	19
173	3	3	3	3
173	2	0	13	18
173	3	1	4	3
173	1	2	4	3
173	2	3	7	6
173	2	1	4	3
173	3	2	7	7
173	1	3	4	3
173	3	0	14	21
174	0	2	11	19
174	3	3	3	3
174	1	2	4	3
174	1	1	3	1
174	2	0	13	18
174	0	3	12	20
174	0	1	11	18
174	3	1	4	3
174	2	2	2	2
174	3	0	14	21
174	3	2	7	7
174	1	3	4	3
174	0	0	2	3
174	1	0	13	18
174	2	1	4	3
174	2	3	7	6
175	1	0	13	18
175	2	3	7	6
175	0	1	11	18
175	1	3	4	3
175	1	2	4	3
175	3	2	7	7
175	2	0	13	18
175	0	2	11	19
175	3	1	4	3
175	0	0	2	3
175	3	3	3	3
175	2	2	2	2
175	3	0	14	21
175	1	1	3	1
175	2	1	4	3
175	0	3	12	20
176	3	0	14	21
176	0	2	11	19
176	2	0	13	18
176	3	1	4	3
176	1	3	4	3
176	1	2	4	3
176	3	2	7	7
176	2	3	7	6
176	3	3	3	3
176	0	1	11	18
176	1	1	3	1
176	2	2	2	2
176	2	1	4	3
176	0	0	2	3
176	0	3	12	20
176	1	0	13	18
177	3	2	7	7
177	3	0	14	21
177	1	1	3	1
177	0	0	2	3
177	3	3	3	3
177	2	1	4	3
177	2	3	7	6
177	2	2	2	2
177	1	2	4	3
177	0	3	12	20
177	3	1	4	3
177	0	1	11	18
177	2	0	13	18
177	0	2	11	19
177	1	3	4	3
177	1	0	13	18
178	3	2	7	7
178	1	1	3	1
178	1	2	4	3
178	0	0	2	3
178	3	3	3	3
178	3	1	4	3
178	0	1	11	18
178	2	1	4	3
178	0	2	11	19
178	3	0	14	21
178	1	3	4	3
178	2	3	7	6
178	1	0	13	18
178	2	0	13	18
178	0	3	12	20
178	2	2	2	2
179	1	0	13	18
179	0	0	2	3
179	2	3	7	6
179	1	1	3	1
179	1	2	4	3
179	3	3	3	3
179	3	1	4	3
179	1	3	4	3
179	0	2	11	19
179	0	1	11	18
179	2	0	13	18
179	3	2	7	7
179	0	3	12	20
179	2	2	2	2
179	2	1	4	3
179	3	0	14	21
180	3	1	4	3
180	2	0	14	18
180	0	1	12	18
180	0	2	11	18
180	0	0	3	4
180	2	1	4	3
180	2	2	1	1
180	1	0	14	17
180	0	3	11	20
180	3	2	7	7
180	1	3	4	3
180	2	3	7	7
180	3	3	2	3
180	1	1	2	1
180	1	2	4	3
180	3	0	15	21
181	0	1	12	18
181	2	3	7	7
181	0	2	11	18
181	1	2	4	3
181	0	0	3	4
181	1	3	4	3
181	2	2	1	1
181	2	0	14	18
181	3	3	2	3
181	2	1	4	3
181	3	2	7	7
181	1	0	14	17
181	3	0	15	21
181	3	1	4	3
181	0	3	11	20
181	1	1	2	1
182	1	2	4	3
182	1	1	2	1
182	1	0	14	17
182	2	0	14	18
182	2	2	1	1
182	2	1	4	3
182	0	2	11	18
182	3	3	2	3
182	3	2	7	7
182	0	0	3	4
182	1	3	4	3
182	3	0	15	21
182	3	1	4	3
182	0	3	11	20
182	0	1	12	18
182	2	3	7	7
183	2	2	1	1
183	0	2	11	18
183	3	0	15	21
183	3	2	7	7
183	3	3	2	3
183	0	3	11	20
183	1	1	2	1
183	2	1	4	3
183	1	3	4	3
183	2	3	7	7
183	3	1	4	3
183	0	1	12	18
183	1	0	14	17
183	1	2	4	3
183	2	0	14	18
183	0	0	3	4
184	1	2	4	3
184	1	0	14	17
184	2	0	14	18
184	3	1	4	3
184	2	1	4	3
184	1	1	2	1
184	0	0	3	4
184	2	2	1	1
184	0	3	11	20
184	1	3	4	3
184	3	2	7	7
184	0	2	11	18
184	3	3	2	3
184	3	0	15	21
184	2	3	7	7
184	0	1	12	18
185	0	3	11	20
185	1	2	4	3
185	1	3	4	3
185	3	2	7	7
185	3	1	4	3
185	0	2	11	18
185	1	0	14	17
185	2	2	1	1
185	0	1	12	18
185	1	1	2	1
185	2	3	7	7
185	2	0	14	18
185	3	0	15	21
185	2	1	4	3
185	3	3	2	3
185	0	0	3	4
186	1	3	4	3
186	0	0	3	4
186	1	1	2	1
186	0	2	11	18
186	2	1	4	3
186	2	3	7	7
186	1	0	14	17
186	2	0	14	18
186	3	3	2	3
186	3	1	4	3
186	0	1	12	18
186	1	2	4	3
186	3	2	7	7
186	0	3	11	20
186	2	2	1	1
186	3	0	15	21
187	0	2	11	18
187	3	2	7	7
187	0	3	11	20
187	3	0	15	21
187	3	1	4	3
187	3	3	2	3
187	1	0	14	17
187	2	2	1	1
187	2	0	14	18
187	1	1	2	1
187	1	3	4	3
187	2	3	7	7
187	0	0	3	4
187	0	1	12	18
187	2	1	4	3
187	1	2	4	3
188	3	3	2	3
188	1	1	2	1
188	0	0	3	4
188	2	3	7	7
188	0	2	11	18
188	3	1	4	3
188	3	0	15	21
188	1	3	4	3
188	0	1	12	18
188	2	0	14	18
188	3	2	7	7
188	1	2	4	3
188	0	3	11	20
188	1	0	14	17
188	2	1	4	3
188	2	2	1	1
189	0	0	3	4
189	2	2	1	1
189	2	3	7	7
189	3	2	7	7
189	0	3	11	20
189	2	0	14	18
189	0	2	11	18
189	2	1	4	3
189	3	3	2	3
189	3	0	15	21
189	1	3	4	3
189	1	0	14	17
189	3	1	4	3
189	1	2	4	3
189	0	1	12	18
189	1	1	2	1
190	1	1	2	1
190	1	2	4	3
190	3	2	7	7
190	3	1	4	3
190	0	1	12	18
190	2	3	7	7
190	1	0	14	17
190	0	0	3	4
190	2	2	1	1
190	3	0	15	21
190	2	0	14	18
190	1	3	4	3
190	0	3	11	20
190	2	1	4	3
190	3	3	2	3
190	0	2	11	18
191	3	3	2	3
191	3	2	7	7
191	0	0	3	4
191	1	0	14	17
191	2	3	7	7
191	3	1	4	3
191	0	2	11	18
191	3	0	15	21
191	2	2	1	1
191	1	1	2	1
191	1	3	4	3
191	0	3	11	20
191	0	1	12	18
191	2	1	4	3
191	2	0	14	18
191	1	2	4	3
192	1	3	4	3
192	3	1	4	3
192	2	2	2	2
192	2	3	7	6
192	3	3	1	1
192	0	0	2	3
192	3	0	15	20
192	1	0	15	18
192	2	0	15	18
192	3	2	6	7
192	0	2	11	18
192	2	1	4	3
192	0	1	11	18
192	1	2	4	3
192	1	1	2	1
192	0	3	11	21
193	0	1	11	18
193	2	3	7	6
193	2	1	4	3
193	0	0	2	3
193	1	3	4	3
193	3	3	1	1
193	1	2	4	3
193	1	0	15	18
193	3	2	6	7
193	3	1	4	3
193	0	2	11	18
193	3	0	15	20
193	2	2	2	2
193	2	0	15	18
193	0	3	11	21
193	1	1	2	1
194	0	3	11	21
194	2	3	7	6
194	2	2	2	2
194	2	1	4	3
194	2	0	15	18
194	1	3	4	3
194	0	1	11	18
194	1	1	2	1
194	3	2	6	7
194	0	0	2	3
194	1	2	4	3
194	1	0	15	18
194	3	1	4	3
194	3	3	1	1
194	0	2	11	18
194	3	0	15	20
195	3	2	6	7
195	2	1	4	3
195	3	0	15	20
195	0	0	2	3
195	3	3	1	1
195	2	3	7	6
195	0	1	11	18
195	2	2	2	2
195	0	2	11	18
195	3	1	4	3
195	2	0	15	18
195	1	3	4	3
195	1	0	15	18
195	1	2	4	3
195	1	1	2	1
195	0	3	11	21
196	3	1	4	3
196	2	3	7	6
196	3	0	15	20
196	3	3	1	1
196	3	2	6	7
196	2	0	15	18
196	1	1	2	1
196	1	3	4	3
196	2	2	2	2
196	1	2	4	3
196	0	0	2	3
196	0	1	11	18
196	2	1	4	3
196	1	0	15	18
196	0	3	11	21
196	0	2	11	18
197	2	3	7	6
197	3	0	15	20
197	2	0	15	18
197	3	1	4	3
197	3	2	6	7
197	1	2	4	3
197	0	0	2	3
197	0	3	11	21
197	3	3	1	1
197	1	3	4	3
197	0	1	11	18
197	1	1	2	1
197	0	2	11	18
197	1	0	15	18
197	2	2	2	2
197	2	1	4	3
198	3	0	15	20
198	3	2	6	7
198	1	2	4	3
198	2	3	7	6
198	0	0	2	3
198	2	0	15	18
198	3	1	4	3
198	2	1	4	3
198	1	1	2	1
198	0	2	11	18
198	0	3	11	21
198	0	1	11	18
198	2	2	2	2
198	1	0	15	18
198	3	3	1	1
198	1	3	4	3
199	3	1	4	3
199	0	3	11	21
199	0	2	11	18
199	3	2	6	7
199	2	1	4	3
199	3	0	15	20
199	1	0	15	18
199	2	2	2	2
199	2	3	7	6
199	3	3	1	1
199	2	0	15	18
199	0	0	2	3
199	1	2	4	3
199	1	3	4	3
199	0	1	11	18
199	1	1	2	1
200	2	1	4	3
200	0	1	11	18
200	2	3	7	6
200	1	2	4	3
200	2	2	2	2
200	0	2	11	18
200	2	0	15	18
200	1	0	15	18
200	3	0	15	20
200	0	3	11	21
200	1	3	4	3
200	0	0	2	3
200	3	2	6	7
200	3	3	1	1
200	3	1	4	3
200	1	1	2	1
201	2	3	7	6
201	1	1	2	1
201	0	0	2	3
201	1	3	4	3
201	2	0	15	18
201	0	1	11	18
201	3	1	4	3
201	0	2	11	18
201	1	0	15	18
201	3	2	6	7
201	1	2	4	3
201	2	1	4	3
201	3	0	15	20
201	0	3	11	21
201	2	2	2	2
201	3	3	1	1
202	2	0	15	18
202	1	3	4	3
202	0	2	11	18
202	1	2	4	3
202	0	3	11	21
202	1	1	2	1
202	2	1	4	3
202	2	2	2	2
202	0	1	11	18
202	1	0	15	18
202	3	3	1	1
202	2	3	7	6
202	0	0	2	3
202	3	2	6	7
202	3	1	4	3
202	3	0	15	20
203	2	1	4	3
203	1	3	4	3
203	1	0	15	18
203	3	2	6	7
203	0	0	2	3
203	3	3	1	1
203	1	2	4	3
203	1	1	2	1
203	3	1	4	3
203	2	0	15	18
203	0	3	11	21
203	2	2	2	2
203	0	2	11	18
203	3	0	15	20
203	0	1	11	18
203	2	3	7	6
204	3	3	1	1
204	1	2	4	3
204	1	3	4	3
204	0	1	10	18
204	1	1	2	1
204	3	2	6	7
204	0	2	11	19
204	2	3	6	7
204	1	0	14	18
204	0	3	11	20
204	2	0	13	18
204	0	0	2	3
204	3	1	4	3
204	2	1	4	3
204	3	0	13	20
204	2	2	2	2
205	3	2	6	7
205	0	0	2	3
205	0	2	11	19
205	1	2	4	3
205	2	1	4	3
205	0	3	11	20
205	3	1	4	3
205	1	1	2	1
205	3	0	13	20
205	2	3	6	7
205	0	1	10	18
205	2	0	13	18
205	1	0	14	18
205	1	3	4	3
205	3	3	1	1
205	2	2	2	2
206	1	0	14	18
206	0	3	11	20
206	0	2	11	19
206	2	0	13	18
206	0	0	2	3
206	3	1	4	3
206	1	2	4	3
206	1	1	2	1
206	3	3	1	1
206	3	0	13	20
206	3	2	6	7
206	0	1	10	18
206	2	2	2	2
206	1	3	4	3
206	2	1	4	3
206	2	3	6	7
207	3	3	1	1
207	1	0	14	18
207	1	2	4	3
207	1	3	4	3
207	2	2	2	2
207	0	1	10	18
207	1	1	2	1
207	0	0	2	3
207	3	2	6	7
207	0	3	11	20
207	2	1	4	3
207	2	0	13	18
207	3	1	4	3
207	3	0	13	20
207	0	2	11	19
207	2	3	6	7
208	1	2	4	3
208	1	1	2	1
208	2	0	13	18
208	3	0	13	20
208	1	0	14	18
208	2	2	2	2
208	3	2	6	7
208	3	1	4	3
208	0	2	11	19
208	0	1	10	18
208	2	3	6	7
208	3	3	1	1
208	0	0	2	3
208	1	3	4	3
208	0	3	11	20
208	2	1	4	3
209	3	1	4	3
209	1	2	4	3
209	1	3	4	3
209	0	1	10	18
209	3	3	1	1
209	0	2	11	19
209	3	0	13	20
209	2	2	2	2
209	2	3	6	7
209	0	0	2	3
209	3	2	6	7
209	2	0	13	18
209	1	0	14	18
209	2	1	4	3
209	0	3	11	20
209	1	1	2	1
210	1	3	4	3
210	3	3	1	1
210	2	1	4	3
210	2	2	2	2
210	0	0	2	3
210	3	2	6	7
210	0	2	11	19
210	0	3	11	20
210	2	3	6	7
210	3	1	4	3
210	0	1	10	18
210	2	0	13	18
210	1	0	14	18
210	3	0	13	20
210	1	2	4	3
210	1	1	2	1
211	0	0	2	3
211	0	2	11	19
211	0	1	10	18
211	3	0	13	20
211	1	0	14	18
211	1	1	2	1
211	3	3	1	1
211	2	3	6	7
211	2	1	4	3
211	2	0	13	18
211	2	2	2	2
211	3	2	6	7
211	1	3	4	3
211	3	1	4	3
211	1	2	4	3
211	0	3	11	20
212	1	1	2	1
212	0	3	11	20
212	0	0	2	3
212	0	1	10	18
212	3	3	1	1
212	3	2	6	7
212	1	0	14	18
212	1	2	4	3
212	3	1	4	3
212	1	3	4	3
212	0	2	11	19
212	2	2	2	2
212	2	3	6	7
212	2	1	4	3
212	3	0	13	20
212	2	0	13	18
213	2	2	2	2
213	3	3	1	1
213	3	0	13	20
213	0	1	10	18
213	0	2	11	19
213	1	1	2	1
213	1	0	14	18
213	3	2	6	7
213	1	3	4	3
213	2	1	4	3
213	0	3	11	20
213	3	1	4	3
213	1	2	4	3
213	2	3	6	7
213	2	0	13	18
213	0	0	2	3
214	1	0	14	18
214	1	3	4	3
214	0	2	11	19
214	2	1	4	3
214	3	3	1	1
214	3	2	6	7
214	0	1	10	18
214	2	2	2	2
214	2	0	13	18
214	0	0	2	3
214	0	3	11	20
214	2	3	6	7
214	3	0	13	20
214	1	2	4	3
214	1	1	2	1
214	3	1	4	3
215	2	2	2	2
215	1	0	14	18
215	3	3	1	1
215	3	1	4	3
215	2	1	4	3
215	2	3	6	7
215	0	0	2	3
215	1	2	4	3
215	0	1	10	18
215	3	0	13	20
215	3	2	6	7
215	2	0	13	18
215	0	2	11	19
215	1	3	4	3
215	0	3	11	20
215	1	1	2	1
216	3	3	1	1
216	2	3	6	6
216	3	2	6	7
216	3	1	4	3
216	2	1	4	3
216	2	2	1	1
216	3	0	11	20
216	0	3	10	20
216	2	0	11	18
216	1	0	11	18
216	0	2	9	19
216	1	3	3	3
216	0	1	9	18
216	1	2	4	3
216	0	0	2	4
216	1	1	2	1
217	1	2	4	3
217	3	2	6	7
217	3	0	11	20
217	2	2	1	1
217	1	0	11	18
217	0	3	10	20
217	2	1	4	3
217	3	3	1	1
217	0	0	2	4
217	2	3	6	6
217	2	0	11	18
217	0	2	9	19
217	0	1	9	18
217	3	1	4	3
217	1	1	2	1
217	1	3	3	3
218	0	3	10	20
218	0	2	9	19
218	3	3	1	1
218	1	0	11	18
218	3	2	6	7
218	2	1	4	3
218	3	1	4	3
218	2	0	11	18
218	1	3	3	3
218	1	2	4	3
218	0	0	2	4
218	2	2	1	1
218	3	0	11	20
218	1	1	2	1
218	0	1	9	18
218	2	3	6	6
219	3	0	11	20
219	2	0	11	18
219	2	1	4	3
219	3	1	4	3
219	3	2	6	7
219	1	3	3	3
219	2	2	1	1
219	0	2	9	19
219	1	2	4	3
219	0	0	2	4
219	2	3	6	6
219	3	3	1	1
219	1	1	2	1
219	0	1	9	18
219	1	0	11	18
219	0	3	10	20
220	3	2	6	7
220	1	2	4	3
220	2	2	1	1
220	3	0	11	20
220	0	0	2	4
220	2	3	6	6
220	2	1	4	3
220	1	1	2	1
220	3	1	4	3
220	1	3	3	3
220	0	2	9	19
220	0	3	10	20
220	2	0	11	18
220	3	3	1	1
220	1	0	11	18
220	0	1	9	18
221	2	3	6	6
221	0	3	10	20
221	0	1	9	18
221	0	2	9	19
221	3	3	1	1
221	1	0	11	18
221	3	1	4	3
221	2	2	1	1
221	2	1	4	3
221	3	2	6	7
221	3	0	11	20
221	2	0	11	18
221	1	3	3	3
221	1	2	4	3
221	1	1	2	1
221	0	0	2	4
222	3	1	4	3
222	3	0	11	20
222	1	1	2	1
222	1	0	11	18
222	1	2	4	3
222	0	3	10	20
222	2	3	6	6
222	1	3	3	3
222	0	1	9	18
222	2	2	1	1
222	3	2	6	7
222	0	2	9	19
222	2	1	4	3
222	2	0	11	18
222	3	3	1	1
222	0	0	2	4
223	0	3	10	20
223	0	1	9	18
223	3	2	6	7
223	1	0	11	18
223	3	1	4	3
223	0	0	2	4
223	0	2	9	19
223	2	3	6	6
223	3	0	11	20
223	1	1	2	1
223	2	1	4	3
223	2	0	11	18
223	2	2	1	1
223	3	3	1	1
223	1	3	3	3
223	1	2	4	3
224	2	0	11	18
224	1	3	3	3
224	2	2	1	1
224	0	2	9	19
224	0	0	2	4
224	1	2	4	3
224	2	3	6	6
224	3	2	6	7
224	0	1	9	18
224	1	0	11	18
224	3	3	1	1
224	3	0	11	20
224	2	1	4	3
224	1	1	2	1
224	3	1	4	3
224	0	3	10	20
225	0	0	2	4
225	3	2	6	7
225	3	0	11	20
225	0	2	9	19
225	0	1	9	18
225	2	1	4	3
225	2	3	6	6
225	1	2	4	3
225	1	1	2	1
225	1	3	3	3
225	3	1	4	3
225	1	0	11	18
225	0	3	10	20
225	2	2	1	1
225	3	3	1	1
225	2	0	11	18
226	2	0	11	18
226	0	0	2	4
226	3	3	1	1
226	3	2	6	7
226	1	0	11	18
226	3	1	4	3
226	0	1	9	18
226	0	2	9	19
226	3	0	11	20
226	1	1	2	1
226	1	2	4	3
226	2	2	1	1
226	1	3	3	3
226	2	1	4	3
226	2	3	6	6
226	0	3	10	20
227	2	1	4	3
227	2	0	11	18
227	3	0	11	20
227	3	1	4	3
227	1	3	3	3
227	2	2	1	1
227	1	0	11	18
227	3	3	1	1
227	1	2	4	3
227	0	3	10	20
227	3	2	6	7
227	0	0	2	4
227	1	1	2	1
227	2	3	6	6
227	0	1	9	18
227	0	2	9	19
228	2	0	9	19
228	3	0	9	21
228	3	1	4	3
228	0	0	2	3
228	1	1	1	1
228	2	3	5	6
228	3	2	5	7
228	1	2	3	3
228	2	2	1	1
228	3	3	2	1
228	0	3	9	20
228	0	1	8	18
228	2	1	4	3
228	1	0	9	18
228	0	2	8	19
228	1	3	3	3
229	1	3	3	3
229	1	1	1	1
229	0	2	8	19
229	0	3	9	20
229	2	0	9	19
229	1	0	9	18
229	1	2	3	3
229	0	0	2	3
229	0	1	8	18
229	2	3	5	6
229	2	1	4	3
229	3	0	9	21
229	3	2	5	7
229	3	1	4	3
229	3	3	2	1
229	2	2	1	1
230	0	1	8	18
230	0	3	9	20
230	0	2	8	19
230	2	3	5	6
230	2	1	4	3
230	1	0	9	18
230	2	0	9	19
230	3	1	4	3
230	3	2	5	7
230	1	3	3	3
230	1	2	3	3
230	3	3	2	1
230	3	0	9	21
230	1	1	1	1
230	0	0	2	3
230	2	2	1	1
231	1	1	1	1
231	0	1	8	18
231	1	3	3	3
231	3	2	5	7
231	3	1	4	3
231	2	0	9	19
231	1	2	3	3
231	3	0	9	21
231	2	2	1	1
231	2	3	5	6
231	1	0	9	18
231	0	2	8	19
231	2	1	4	3
231	0	3	9	20
231	3	3	2	1
231	0	0	2	3
232	0	0	2	3
232	0	3	9	20
232	1	0	9	18
232	2	1	4	3
232	3	3	2	1
232	1	1	1	1
232	3	0	9	21
232	2	3	5	6
232	3	1	4	3
232	0	2	8	19
232	2	2	1	1
232	3	2	5	7
232	1	2	3	3
232	1	3	3	3
232	2	0	9	19
232	0	1	8	18
233	1	0	9	18
233	0	2	8	19
233	3	2	5	7
233	2	3	5	6
233	3	1	4	3
233	0	3	9	20
233	0	0	2	3
233	1	1	1	1
233	2	0	9	19
233	1	2	3	3
233	2	2	1	1
233	0	1	8	18
233	2	1	4	3
233	3	0	9	21
233	3	3	2	1
233	1	3	3	3
234	3	2	5	7
234	2	1	4	3
234	2	0	9	19
234	3	1	4	3
234	1	0	9	18
234	0	1	8	18
234	3	3	2	1
234	1	3	3	3
234	0	0	2	3
234	2	2	1	1
234	3	0	9	21
234	0	3	9	20
234	1	1	1	1
234	2	3	5	6
234	1	2	3	3
234	0	2	8	19
235	3	1	4	3
235	0	1	8	18
235	2	1	4	3
235	3	2	5	7
235	3	0	9	21
235	0	2	8	19
235	1	2	3	3
235	2	2	1	1
235	0	3	9	20
235	1	3	3	3
235	0	0	2	3
235	2	0	9	19
235	2	3	5	6
235	1	1	1	1
235	3	3	2	1
235	1	0	9	18
236	0	0	2	3
236	1	0	9	18
236	1	3	3	3
236	2	3	5	6
236	0	1	8	18
236	3	2	5	7
236	0	2	8	19
236	2	0	9	19
236	1	2	3	3
236	3	1	4	3
236	2	1	4	3
236	1	1	1	1
236	2	2	1	1
236	0	3	9	20
236	3	3	2	1
236	3	0	9	21
237	0	1	8	18
237	0	2	8	19
237	3	3	2	1
237	0	3	9	20
237	1	1	1	1
237	2	1	4	3
237	3	1	4	3
237	1	3	3	3
237	2	0	9	19
237	1	2	3	3
237	3	0	9	21
237	1	0	9	18
237	0	0	2	3
237	2	3	5	6
237	2	2	1	1
237	3	2	5	7
238	1	3	3	3
238	0	3	9	20
238	3	0	9	21
238	0	2	8	19
238	2	2	1	1
238	3	3	2	1
238	3	2	5	7
238	2	1	4	3
238	3	1	4	3
238	0	0	2	3
238	2	3	5	6
238	0	1	8	18
238	2	0	9	19
238	1	1	1	1
238	1	0	9	18
238	1	2	3	3
239	2	2	1	1
239	0	1	8	18
239	1	0	9	18
239	0	3	9	20
239	2	3	5	6
239	2	1	4	3
239	1	3	3	3
239	0	0	2	3
239	1	1	1	1
239	3	1	4	3
239	2	0	9	19
239	3	2	5	7
239	3	0	9	21
239	3	3	2	1
239	0	2	8	19
239	1	2	3	3
240	2	0	8	18
240	3	1	3	3
240	0	2	8	19
240	2	2	1	1
240	2	3	5	7
240	1	2	3	3
240	0	0	2	3
240	1	0	8	17
240	0	3	9	21
240	1	1	1	1
240	1	3	3	3
240	0	1	8	18
240	3	0	9	21
240	3	2	5	7
240	2	1	3	3
240	3	3	2	1
241	0	0	2	3
241	2	0	8	18
241	2	3	5	7
241	0	3	9	21
241	1	1	1	1
241	0	2	8	19
241	0	1	8	18
241	3	3	2	1
241	3	2	5	7
241	1	2	3	3
241	2	1	3	3
241	1	3	3	3
241	2	2	1	1
241	3	1	3	3
241	3	0	9	21
241	1	0	8	17
242	2	2	1	1
242	0	3	9	21
242	2	1	3	3
242	1	2	3	3
242	3	2	5	7
242	2	0	8	18
242	2	3	5	7
242	3	0	9	21
242	1	0	8	17
242	3	1	3	3
242	1	1	1	1
242	3	3	2	1
242	0	0	2	3
242	1	3	3	3
242	0	2	8	19
242	0	1	8	18
243	2	0	8	18
243	1	3	3	3
243	3	2	5	7
243	2	1	3	3
243	0	3	9	21
243	2	2	1	1
243	1	0	8	17
243	1	2	3	3
243	3	3	2	1
243	0	0	2	3
243	0	2	8	19
243	0	1	8	18
243	3	0	9	21
243	2	3	5	7
243	3	1	3	3
243	1	1	1	1
244	0	0	2	3
244	1	0	8	17
244	0	3	9	21
244	3	0	9	21
244	3	1	3	3
244	3	3	2	1
244	3	2	5	7
244	2	3	5	7
244	2	1	3	3
244	2	2	1	1
244	1	2	3	3
244	1	1	1	1
244	0	2	8	19
244	1	3	3	3
244	2	0	8	18
244	0	1	8	18
245	1	3	3	3
245	3	2	5	7
245	3	0	9	21
245	2	0	8	18
245	0	0	2	3
245	3	1	3	3
245	0	1	8	18
245	2	1	3	3
245	0	2	8	19
245	1	2	3	3
245	1	0	8	17
245	2	2	1	1
245	2	3	5	7
245	1	1	1	1
245	0	3	9	21
245	3	3	2	1
246	0	3	9	21
246	0	0	2	3
246	1	0	8	17
246	2	0	8	18
246	1	1	1	1
246	2	1	3	3
246	2	2	1	1
246	0	2	8	19
246	1	3	3	3
246	1	2	3	3
246	0	1	8	18
246	3	2	5	7
246	3	3	2	1
246	2	3	5	7
246	3	1	3	3
246	3	0	9	21
247	0	0	2	3
247	0	3	9	21
247	1	1	1	1
247	2	2	1	1
247	1	3	3	3
247	1	0	8	17
247	1	2	3	3
247	3	2	5	7
247	2	3	5	7
247	3	1	3	3
247	0	1	8	18
247	3	3	2	1
247	3	0	9	21
247	0	2	8	19
247	2	1	3	3
247	2	0	8	18
248	0	3	9	21
248	0	1	8	18
248	2	2	1	1
248	2	1	3	3
248	2	3	5	7
248	3	1	3	3
248	1	2	3	3
248	0	2	8	19
248	3	3	2	1
248	1	3	3	3
248	3	2	5	7
248	2	0	8	18
248	3	0	9	21
248	1	1	1	1
248	1	0	8	17
248	0	0	2	3
249	2	3	5	7
249	3	3	2	1
249	1	2	3	3
249	3	1	3	3
249	0	0	2	3
249	3	2	5	7
249	3	0	9	21
249	2	0	8	18
249	0	2	8	19
249	1	3	3	3
249	2	2	1	1
249	0	1	8	18
249	2	1	3	3
249	0	3	9	21
249	1	0	8	17
249	1	1	1	1
250	1	0	8	17
250	0	3	9	21
250	2	1	3	3
250	1	3	3	3
250	2	3	5	7
250	3	3	2	1
250	3	2	5	7
250	3	0	9	21
250	0	0	2	3
250	1	2	3	3
250	0	1	8	18
250	1	1	1	1
250	2	0	8	18
250	3	1	3	3
250	2	2	1	1
250	0	2	8	19
251	2	1	3	3
251	1	3	3	3
251	3	0	9	21
251	3	1	3	3
251	3	3	2	1
251	2	2	1	1
251	2	0	8	18
251	1	1	1	1
251	3	2	5	7
251	0	2	8	19
251	0	3	9	21
251	0	1	8	18
251	0	0	2	3
251	1	0	8	17
251	2	3	5	7
251	1	2	3	3
252	3	3	3	2
252	1	1	1	1
252	1	2	3	3
252	0	1	8	18
252	2	3	5	6
252	3	0	7	19
252	0	0	2	3
252	1	0	8	18
252	3	1	3	3
252	2	0	7	18
252	2	1	3	3
252	3	2	5	7
252	1	3	3	3
252	2	2	1	1
252	0	2	7	19
252	0	3	9	20
253	3	1	3	3
253	1	3	3	3
253	3	3	3	2
253	2	0	7	18
253	0	1	8	18
253	2	3	5	6
253	0	0	2	3
253	0	2	7	19
253	1	1	1	1
253	1	2	3	3
253	0	3	9	20
253	3	2	5	7
253	3	0	7	19
253	1	0	8	18
253	2	2	1	1
253	2	1	3	3
254	0	3	9	20
254	1	0	8	18
254	2	0	7	18
254	0	1	8	18
254	3	3	3	2
254	1	2	3	3
254	2	1	3	3
254	2	3	5	6
254	3	2	5	7
254	1	1	1	1
254	3	0	7	19
254	1	3	3	3
254	0	0	2	3
254	2	2	1	1
254	0	2	7	19
254	3	1	3	3
255	3	3	3	2
255	3	2	5	7
255	2	2	1	1
255	3	1	3	3
255	1	2	3	3
255	2	1	3	3
255	0	0	2	3
255	0	3	9	20
255	2	3	5	6
255	2	0	7	18
255	3	0	7	19
255	0	2	7	19
255	1	1	1	1
255	0	1	8	18
255	1	3	3	3
255	1	0	8	18
256	2	0	7	18
256	1	3	3	3
256	3	0	7	19
256	1	0	8	18
256	2	2	1	1
256	0	0	2	3
256	1	1	1	1
256	2	3	5	6
256	0	2	7	19
256	0	1	8	18
256	2	1	3	3
256	1	2	3	3
256	3	2	5	7
256	3	3	3	2
256	0	3	9	20
256	3	1	3	3
257	1	3	3	3
257	2	1	3	3
257	3	0	7	19
257	0	3	9	20
257	1	1	1	1
257	3	3	3	2
257	2	3	5	6
257	2	0	7	18
257	0	2	7	19
257	3	2	5	7
257	2	2	1	1
257	0	1	8	18
257	1	2	3	3
257	1	0	8	18
257	3	1	3	3
257	0	0	2	3
258	0	0	2	3
258	0	3	9	20
258	2	3	5	6
258	3	2	5	7
258	1	3	3	3
258	3	3	3	2
258	3	1	3	3
258	3	0	7	19
258	0	2	7	19
258	2	1	3	3
258	1	2	3	3
258	2	2	1	1
258	1	0	8	18
258	1	1	1	1
258	2	0	7	18
258	0	1	8	18
259	1	0	8	18
259	2	3	5	6
259	1	1	1	1
259	3	0	7	19
259	0	1	8	18
259	3	3	3	2
259	0	2	7	19
259	0	3	9	20
259	3	1	3	3
259	1	3	3	3
259	2	1	3	3
259	2	0	7	18
259	3	2	5	7
259	1	2	3	3
259	0	0	2	3
259	2	2	1	1
260	0	2	7	19
260	3	2	5	7
260	3	0	7	19
260	3	3	3	2
260	0	1	8	18
260	1	1	1	1
260	1	2	3	3
260	1	3	3	3
260	0	3	9	20
260	2	2	1	1
260	1	0	8	18
260	2	0	7	18
260	2	1	3	3
260	3	1	3	3
260	2	3	5	6
260	0	0	2	3
261	3	0	7	19
261	2	0	7	18
261	1	2	3	3
261	0	1	8	18
261	0	3	9	20
261	0	0	2	3
261	2	2	1	1
261	3	3	3	2
261	0	2	7	19
261	2	1	3	3
261	3	1	3	3
261	1	3	3	3
261	1	1	1	1
261	2	3	5	6
261	3	2	5	7
261	1	0	8	18
262	0	3	9	20
262	3	3	3	2
262	1	0	8	18
262	0	2	7	19
262	0	0	2	3
262	0	1	8	18
262	3	2	5	7
262	2	1	3	3
262	3	0	7	19
262	2	2	1	1
262	2	0	7	18
262	1	1	1	1
262	3	1	3	3
262	1	2	3	3
262	2	3	5	6
262	1	3	3	3
263	1	0	8	18
263	2	0	7	18
263	0	0	2	3
263	3	3	3	2
263	0	3	9	20
263	2	1	3	3
263	0	1	8	18
263	2	2	1	1
263	0	2	7	19
263	3	1	3	3
263	1	3	3	3
263	1	2	3	3
263	1	1	1	1
263	2	3	5	6
263	3	2	5	7
263	3	0	7	19
264	0	1	8	18
264	1	0	7	17
264	0	2	8	20
264	3	1	3	3
264	2	0	7	18
264	0	3	8	21
264	0	0	3	5
264	3	3	2	2
264	3	0	8	20
264	3	2	5	6
264	1	2	3	3
264	1	1	2	1
264	2	1	3	3
264	1	3	3	3
264	2	3	5	6
264	2	2	1	1
265	3	1	3	3
265	1	3	3	3
265	0	2	8	20
265	2	0	7	18
265	0	3	8	21
265	1	1	2	1
265	0	0	3	5
265	0	1	8	18
265	1	0	7	17
265	2	2	1	1
265	1	2	3	3
265	3	2	5	6
265	2	1	3	3
265	3	3	2	2
265	3	0	8	20
265	2	3	5	6
266	3	0	8	20
266	3	1	3	3
266	1	0	7	17
266	3	3	2	2
266	2	0	7	18
266	0	1	8	18
266	1	2	3	3
266	0	2	8	20
266	3	2	5	6
266	1	1	2	1
266	0	0	3	5
266	2	1	3	3
266	1	3	3	3
266	2	3	5	6
266	0	3	8	21
266	2	2	1	1
267	0	1	8	18
267	1	1	2	1
267	1	2	3	3
267	0	0	3	5
267	0	3	8	21
267	0	2	8	20
267	1	0	7	17
267	3	2	5	6
267	2	2	1	1
267	2	3	5	6
267	2	0	7	18
267	1	3	3	3
267	2	1	3	3
267	3	0	8	20
267	3	1	3	3
267	3	3	2	2
268	2	2	1	1
268	0	1	8	18
268	1	0	7	17
268	2	0	7	18
268	2	3	5	6
268	1	3	3	3
268	0	0	3	5
268	1	1	2	1
268	0	2	8	20
268	3	0	8	20
268	1	2	3	3
268	3	1	3	3
268	3	3	2	2
268	3	2	5	6
268	2	1	3	3
268	0	3	8	21
269	3	2	5	6
269	0	2	8	20
269	1	1	2	1
269	3	0	8	20
269	2	1	3	3
269	0	1	8	18
269	3	1	3	3
269	2	3	5	6
269	3	3	2	2
269	1	2	3	3
269	1	3	3	3
269	1	0	7	17
269	0	3	8	21
269	0	0	3	5
269	2	0	7	18
269	2	2	1	1
270	1	1	2	1
270	3	2	5	6
270	3	0	8	20
270	2	3	5	6
270	3	3	2	2
270	0	3	8	21
270	1	3	3	3
270	2	0	7	18
270	2	2	1	1
270	2	1	3	3
270	1	2	3	3
270	0	2	8	20
270	0	0	3	5
270	1	0	7	17
270	0	1	8	18
270	3	1	3	3
271	0	3	8	21
271	3	0	8	20
271	3	3	2	2
271	2	3	5	6
271	2	2	1	1
271	0	2	8	20
271	1	0	7	17
271	3	1	3	3
271	1	1	2	1
271	0	0	3	5
271	3	2	5	6
271	1	2	3	3
271	0	1	8	18
271	1	3	3	3
271	2	0	7	18
271	2	1	3	3
272	3	0	8	20
272	0	1	8	18
272	0	3	8	21
272	0	2	8	20
272	0	0	3	5
272	2	3	5	6
272	2	0	7	18
272	3	3	2	2
272	2	1	3	3
272	2	2	1	1
272	3	1	3	3
272	3	2	5	6
272	1	1	2	1
272	1	0	7	17
272	1	3	3	3
272	1	2	3	3
273	1	3	3	3
273	0	2	8	20
273	3	2	5	6
273	1	2	3	3
273	2	2	1	1
273	2	1	3	3
273	3	0	8	20
273	0	0	3	5
273	2	3	5	6
273	0	1	8	18
273	1	1	2	1
273	2	0	7	18
273	3	1	3	3
273	1	0	7	17
273	3	3	2	2
273	0	3	8	21
274	0	0	3	5
274	2	2	1	1
274	0	3	8	21
274	2	0	7	18
274	3	1	3	3
274	1	2	3	3
274	1	3	3	3
274	3	0	8	20
274	1	1	2	1
274	2	3	5	6
274	0	1	8	18
274	0	2	8	20
274	1	0	7	17
274	3	3	2	2
274	2	1	3	3
274	3	2	5	6
275	0	0	3	5
275	1	1	2	1
275	3	0	8	20
275	3	1	3	3
275	2	3	5	6
275	1	3	3	3
275	0	3	8	21
275	2	1	3	3
275	1	0	7	17
275	2	2	1	1
275	2	0	7	18
275	0	2	8	20
275	3	2	5	6
275	1	2	3	3
275	0	1	8	18
275	3	3	2	2
276	2	2	1	1
276	1	0	10	18
276	3	1	3	3
276	0	1	8	18
276	1	2	3	3
276	1	1	2	2
276	3	2	4	7
276	0	3	9	21
276	2	1	3	3
276	2	0	6	18
276	2	3	5	6
276	3	3	1	1
276	1	3	3	3
276	0	2	8	19
276	0	0	2	4
277	1	3	3	3
277	1	0	10	18
277	0	2	8	19
277	1	1	2	2
277	3	1	3	3
277	0	0	2	4
277	2	3	5	6
277	1	2	3	3
277	0	1	8	18
277	2	1	3	3
277	0	3	9	21
277	2	0	6	18
277	2	2	1	1
277	3	3	1	1
277	3	2	4	7
278	0	0	2	4
278	0	2	8	19
278	2	0	6	18
278	3	2	4	7
278	3	3	1	1
278	2	3	5	6
278	2	1	3	3
278	1	0	10	18
278	2	2	1	1
278	1	3	3	3
278	1	1	2	2
278	1	2	3	3
278	0	3	9	21
278	3	1	3	3
278	0	1	8	18
279	1	0	10	18
279	3	2	4	7
279	0	0	2	4
279	2	1	3	3
279	1	2	3	3
279	1	1	2	2
279	2	2	1	1
279	0	2	8	19
279	2	3	5	6
279	0	3	9	21
279	2	0	6	18
279	1	3	3	3
279	3	3	1	1
279	0	1	8	18
279	3	1	3	3
280	1	1	2	2
280	0	0	2	4
280	3	2	4	7
280	3	1	3	3
280	2	1	3	3
280	3	3	1	1
280	1	2	3	3
280	2	0	6	18
280	0	2	8	19
280	1	3	3	3
280	1	0	10	18
280	0	1	8	18
280	2	2	1	1
280	0	3	9	21
280	2	3	5	6
281	3	3	1	1
281	3	2	4	7
281	2	2	1	1
281	2	1	3	3
281	2	3	5	6
281	3	1	3	3
281	1	3	3	3
281	1	2	3	3
281	2	0	6	18
281	1	0	10	18
281	0	3	9	21
281	0	2	8	19
281	0	1	8	18
281	0	0	2	4
281	1	1	2	2
282	0	0	2	4
282	3	3	1	1
282	3	1	3	3
282	2	3	5	6
282	2	2	1	1
282	2	1	3	3
282	3	2	4	7
282	1	3	3	3
282	1	2	3	3
282	1	1	2	2
282	1	0	10	18
282	0	3	9	21
282	0	1	8	18
282	0	2	8	19
282	2	0	6	18
283	3	3	1	1
283	3	2	4	7
283	3	1	3	3
283	2	3	5	6
283	2	2	1	1
283	2	1	3	3
283	2	0	6	18
283	1	2	3	3
283	1	1	2	2
283	1	0	10	18
283	0	3	9	21
283	0	2	8	19
283	0	1	8	18
283	0	0	2	4
283	1	3	3	3
284	0	0	2	4
284	0	1	8	18
284	0	2	8	19
284	0	3	9	21
284	1	1	2	2
284	1	0	10	18
284	1	3	3	3
284	1	2	3	3
284	3	3	1	1
284	3	2	4	7
284	2	3	5	6
284	2	2	1	1
284	2	1	3	3
284	3	1	3	3
284	2	0	6	18
285	3	2	4	7
285	2	3	5	6
285	2	2	1	1
285	2	1	3	3
285	2	0	6	18
285	3	3	1	1
285	1	2	3	3
285	1	3	3	3
285	0	0	2	4
285	0	1	8	18
285	3	1	3	3
285	0	3	9	21
285	1	0	10	18
285	1	1	2	2
285	0	2	8	19
286	3	3	1	1
286	3	2	4	7
286	3	1	3	3
286	2	3	5	6
286	2	2	1	1
286	2	1	3	3
286	1	3	3	3
286	1	2	3	3
286	1	1	2	2
286	0	3	9	21
286	0	2	8	19
286	0	1	8	18
286	0	0	2	4
286	2	0	6	18
286	1	0	10	18
287	2	1	3	3
287	3	1	3	3
287	2	2	1	1
287	2	3	5	6
287	0	0	2	4
287	0	1	8	18
287	0	2	8	19
287	0	3	9	21
287	1	0	10	18
287	1	1	2	2
287	1	2	3	3
287	1	3	3	3
287	2	0	6	18
287	3	2	4	7
287	3	3	1	1
