t,num_new_requests,frac_requests_fulfilled,frac_traveling_cars,frac_charging_cars,frac_idling_cars,num_fulfilled_requests,num_queued_requests,num_abandoned_requests,frac_low_battery_cars,frac_med_battery_cars,frac_high_battery_cars,num_trip_requests_0,num_cars_region_0,num_charging_cars_region_0,num_trip_requests_1,num_cars_region_1,num_charging_cars_region_1,num_trip_requests_2,num_cars_region_2,num_charging_cars_region_2,num_trip_requests_3,num_cars_region_3,num_charging_cars_region_3,num_trip_requests_4,num_cars_region_4,num_charging_cars_region_4,num_trip_requests_5,num_cars_region_5,num_charging_cars_region_5,num_trip_requests_6,num_cars_region_6,num_charging_cars_region_6,num_trip_requests_7,num_cars_region_7,num_charging_cars_region_7,num_trip_requests_8,num_cars_region_8,num_charging_cars_region_8,num_trip_requests_9,num_cars_region_9,num_charging_cars_region_9,trial
0,4.4,1.0,0.054000000000000006,0.0,0.9460000000000001,4.4,0.0,0.0,0.0,0.0,1.0,0.2,9.7,0.0,0.2,9.9,0.0,1.0,9.6,0.0,1.3,9.8,0.0,0.5,10.0,0.0,0.1,10.0,0.0,0.1,10.0,0.0,0.0,10.0,0.0,0.7,10.0,0.0,0.3,10.0,0.0,4.5
1,5.8,1.0,0.11500000000000002,0.0,0.885,5.8,0.0,0.0,0.0,0.0,1.0,0.1,8.9,0.0,0.2,9.4,0.0,0.9,8.7,0.0,1.5,8.8,0.0,0.7,9.5,0.0,0.9,9.9,0.0,0.2,9.9,0.0,0.3,10.0,0.0,0.4,9.5,0.0,0.6,9.7,0.0,4.5
2,5.6,1.0,0.137,0.0,0.8630000000000001,5.6,0.0,0.0,0.0,0.0,1.0,0.1,8.4,0.0,0.2,9.1,0.0,1.2,8.2,0.0,1.0,8.3,0.0,1.2,9.1,0.0,0.3,9.7,0.0,0.4,10.0,0.0,0.4,10.0,0.0,0.3,9.5,0.0,0.5,9.6,0.0,4.5
3,4.7,1.0,0.136,0.0,0.8640000000000001,4.7,0.0,0.0,0.0,0.0,1.0,0.0,8.1,0.0,0.1,8.6,0.0,0.7,7.5,0.0,1.3,8.5,0.0,0.8,8.3,0.0,0.6,10.1,0.0,0.2,9.8,0.0,0.4,10.0,0.0,0.5,9.9,0.0,0.1,10.3,0.0,4.5
4,5.5,1.0,0.143,0.0,0.857,5.5,0.0,0.0,0.0,0.0,1.0,0.0,8.1,0.0,0.3,7.9,0.0,0.9,7.2,0.0,1.5,9.1,0.0,0.6,8.0,0.0,0.8,10.3,0.0,0.2,9.7,0.0,0.1,10.2,0.0,0.6,10.2,0.0,0.5,10.5,0.0,4.5
5,5.5,1.0,0.154,0.0,0.8460000000000001,5.5,0.0,0.0,0.0,0.0,1.0,0.2,7.8,0.0,0.2,7.3,0.0,1.1,6.6,0.0,1.5,9.4,0.0,1.0,8.0,0.0,0.3,10.1,0.0,0.3,9.8,0.0,0.2,10.2,0.0,0.2,10.2,0.0,0.5,10.7,0.0,4.5
6,6.0,1.0,0.168,0.0,0.8320000000000001,6.0,0.0,0.0,0.0,0.0,1.0,0.2,7.2,0.0,0.0,6.9,0.0,1.4,6.2,0.0,0.8,9.2,0.0,1.6,7.5,0.0,0.3,10.5,0.0,0.5,9.8,0.0,0.4,10.3,0.0,0.3,10.5,0.0,0.5,11.0,0.0,4.5
7,6.1,1.0,0.176,0.0,0.8240000000000001,6.1,0.0,0.0,0.0,0.0,1.0,0.0,6.9,0.0,0.1,6.7,0.0,0.9,5.3,0.0,1.5,9.9,0.0,1.2,6.0,0.0,0.3,10.9,0.0,0.6,9.8,0.0,0.1,10.6,0.0,0.7,10.9,0.0,0.7,11.5,0.0,4.5
8,5.2,0.975,0.16799999999999998,0.0,0.8320000000000001,5.0,0.2,0.0,0.0,0.0,1.0,0.1,6.3,0.0,0.5,6.6,0.0,0.7,5.0,0.0,1.3,9.9,0.0,0.3,5.0,0.0,0.7,11.2,0.0,0.5,10.1,0.0,0.5,11.4,0.0,0.6,11.2,0.0,0.0,11.5,0.0,4.5
9,5.5,0.9888888888888889,0.15,0.0,0.85,5.6,0.0,0.1,0.0,0.0,1.0,0.3,5.7,0.0,0.0,6.0,0.0,1.6,5.4,0.0,1.3,9.8,0.0,0.8,5.5,0.0,0.2,11.6,0.0,0.1,10.1,0.0,0.6,11.9,0.0,0.2,11.7,0.0,0.4,12.5,0.0,4.5
10,3.5,1.0,0.14300000000000002,0.0,0.857,3.5,0.0,0.0,0.0,0.0,1.0,0.0,5.4,0.0,0.0,5.8,0.0,0.6,4.4,0.0,0.6,9.9,0.0,0.8,5.1,0.0,0.6,11.7,0.0,0.2,10.2,0.0,0.2,11.6,0.0,0.2,12.1,0.0,0.3,13.0,0.0,4.5
11,4.6,0.9875,0.133,0.0,0.867,4.5,0.1,0.0,0.0,0.0,1.0,0.0,5.5,0.0,0.1,5.5,0.0,0.8,3.8,0.0,0.9,10.7,0.0,1.2,4.7,0.0,0.4,12.1,0.0,0.3,10.3,0.0,0.2,12.2,0.0,0.5,12.5,0.0,0.2,13.8,0.0,4.5
12,1.7,0.96,0.11600000000000002,0.0,0.884,1.6,0.1,0.1,0.0,0.0,1.0,0.0,5.4,0.0,0.0,5.3,0.0,0.0,3.4,0.0,0.4,10.2,0.0,0.1,3.9,0.0,0.5,12.4,0.0,0.1,10.1,0.0,0.1,12.6,0.0,0.4,12.5,0.0,0.1,14.2,0.0,4.5
13,1.6,0.8,0.084,0.0,0.916,1.4,0.2,0.1,0.0,0.0,1.0,0.1,5.2,0.0,0.0,5.5,0.0,0.2,3.8,0.0,0.3,11.3,0.0,0.2,4.2,0.0,0.0,12.4,0.0,0.3,10.1,0.0,0.2,12.9,0.0,0.2,12.9,0.0,0.1,14.7,0.0,4.5
14,2.0,0.9199999999999999,0.076,0.0,0.924,1.8,0.2,0.2,0.0,0.0,1.0,0.0,5.0,0.0,0.0,5.5,0.0,0.2,3.7,0.0,0.5,11.7,0.0,0.2,4.1,0.0,0.3,12.4,0.0,0.1,10.1,0.0,0.1,12.7,0.0,0.3,13.4,0.0,0.3,15.6,0.0,4.5
15,2.5,0.9,0.08,0.0,0.9199999999999999,2.5,0.0,0.2,0.0,0.0,1.0,0.1,4.7,0.0,0.0,5.4,0.0,0.2,3.7,0.0,0.6,11.6,0.0,0.3,4.2,0.0,0.4,12.2,0.0,0.2,10.1,0.0,0.2,13.1,0.0,0.4,13.6,0.0,0.1,15.9,0.0,4.5
16,2.3,0.95,0.074,0.0,0.9259999999999999,2.2,0.1,0.0,0.0,0.0,1.0,0.0,4.4,0.0,0.0,5.4,0.0,0.4,4.1,0.0,0.3,11.5,0.0,0.5,4.2,0.0,0.5,12.2,0.0,0.0,9.9,0.0,0.1,13.1,0.0,0.2,14.0,0.0,0.3,16.0,0.0,4.5
17,2.0,1.0,0.077,0.0,0.923,2.1,0.0,0.0,0.0,0.0,1.0,0.0,4.4,0.0,0.0,5.4,0.0,0.4,3.7,0.0,0.3,11.7,0.0,0.5,4.0,0.0,0.1,11.8,0.0,0.1,10.1,0.0,0.1,13.4,0.0,0.3,13.9,0.0,0.2,15.9,0.0,4.5
18,2.0,0.75,0.071,0.0,0.9289999999999999,1.6,0.4,0.0,0.0,0.0,1.0,0.0,4.5,0.0,0.0,5.4,0.0,0.2,3.3,0.0,0.5,11.8,0.0,0.6,3.5,0.0,0.2,12.1,0.0,0.1,10.1,0.0,0.1,13.7,0.0,0.0,14.2,0.0,0.3,15.9,0.0,4.5
19,2.9,0.8113095238095237,0.078,0.0,0.922,2.7,0.2,0.4,0.0,0.0,1.0,0.0,4.5,0.0,0.1,5.3,0.0,0.5,3.3,0.0,0.7,11.6,0.0,0.4,3.4,0.0,0.3,12.4,0.0,0.0,10.2,0.0,0.5,13.7,0.0,0.2,14.6,0.0,0.2,15.9,0.0,4.5
20,2.3,0.7571428571428571,0.062,0.0,0.938,1.7,0.6,0.1,0.0,0.0,1.0,0.0,4.9,0.0,0.0,5.3,0.0,0.6,3.0,0.0,0.4,11.5,0.0,0.6,3.2,0.0,0.3,12.6,0.0,0.0,10.7,0.0,0.2,13.3,0.0,0.1,14.8,0.0,0.1,16.1,0.0,4.5
21,2.3,0.7833333333333333,0.063,0.0,0.937,2.1,0.2,0.6,0.0,0.0,1.0,0.0,4.9,0.0,0.0,5.2,0.0,0.4,3.0,0.0,0.6,11.4,0.0,0.5,3.0,0.0,0.2,12.5,0.0,0.2,11.0,0.0,0.1,13.1,0.0,0.2,15.0,0.0,0.1,16.6,0.0,4.5
22,1.5,0.8,0.062,0.0,0.9380000000000001,1.2,0.4,0.1,0.0,0.0,1.0,0.1,4.9,0.0,0.0,5.2,0.0,0.3,2.4,0.0,0.5,11.0,0.0,0.2,3.0,0.0,0.0,12.8,0.0,0.0,10.9,0.0,0.1,13.0,0.0,0.1,15.0,0.0,0.2,16.7,0.0,4.5
23,2.4,0.7133333333333333,0.05700000000000001,0.0,0.943,2.0,0.4,0.3,0.0,0.0,1.0,0.0,5.0,0.0,0.0,5.2,0.0,0.5,2.2,0.0,0.6,11.1,0.0,0.4,3.1,0.0,0.3,13.0,0.0,0.2,11.2,0.0,0.2,13.6,0.0,0.0,15.3,0.0,0.2,16.6,0.0,4.5
24,1.6,0.75,0.061,0.0,0.9390000000000001,1.2,0.4,0.4,0.0,0.0,1.0,0.0,4.9,0.0,0.0,5.2,0.0,0.5,1.7,0.0,0.3,10.2,0.0,0.2,2.9,0.0,0.0,12.8,0.0,0.2,11.1,0.0,0.0,13.9,0.0,0.3,15.7,0.0,0.1,16.7,0.0,4.5
25,1.1,0.875,0.043,0.0,0.9570000000000001,1.1,0.0,0.3,0.0,0.0,1.0,0.0,4.8,0.0,0.0,5.1,0.0,0.2,1.4,0.0,0.2,11.0,0.0,0.2,3.2,0.0,0.1,13.0,0.0,0.0,11.4,0.0,0.2,14.0,0.0,0.0,15.5,0.0,0.2,17.3,0.0,4.5
26,1.0,0.9,0.041999999999999996,0.0,0.958,0.8,0.2,0.0,0.0,0.0,1.0,0.0,5.2,0.0,0.0,5.1,0.0,0.4,1.2,0.0,0.2,10.4,0.0,0.1,3.1,0.0,0.1,13.0,0.0,0.1,11.5,0.0,0.0,14.1,0.0,0.0,15.7,0.0,0.1,17.3,0.0,4.5
27,0.6,0.8,0.034999999999999996,0.0,0.9650000000000001,0.4,0.2,0.1,0.0,0.0,1.0,0.0,5.0,0.0,0.0,5.2,0.0,0.2,0.8,0.0,0.3,10.4,0.0,0.1,3.3,0.0,0.0,13.1,0.0,0.0,11.6,0.0,0.0,14.4,0.0,0.0,15.7,0.0,0.0,17.4,0.0,4.5
28,1.1,0.625,0.036,0.0,0.9640000000000001,0.6,0.5,0.2,0.0,0.0,1.0,0.0,4.9,0.0,0.0,5.2,0.0,0.5,0.9,0.0,0.0,10.0,0.0,0.2,3.5,0.0,0.0,13.5,0.0,0.0,11.6,0.0,0.2,14.2,0.0,0.2,15.7,0.0,0.0,17.5,0.0,4.5
29,1.3,0.6083333333333333,0.039,0.0,0.961,0.8,0.5,0.5,0.0,0.0,1.0,0.0,5.0,0.0,0.0,5.2,0.0,0.5,1.0,0.0,0.3,9.9,0.0,0.1,3.4,0.0,0.1,13.6,0.0,0.1,11.6,0.0,0.0,13.9,0.0,0.2,15.5,0.0,0.0,17.8,0.0,4.5
30,1.5,0.5900000000000001,0.041,0.0,0.959,1.0,0.5,0.4,0.0,0.0,1.0,0.0,5.2,0.0,0.0,5.2,0.0,0.5,0.9,0.0,0.2,9.9,0.0,0.1,3.4,0.0,0.1,13.4,0.0,0.1,11.5,0.0,0.2,14.2,0.0,0.1,15.3,0.0,0.2,17.9,0.0,4.5
31,1.5,0.6583333333333333,0.043,0.0,0.9570000000000001,1.1,0.4,0.5,0.0,0.001,0.999,0.0,5.0,0.0,0.0,5.4,0.0,0.5,1.1,0.0,0.2,9.7,0.0,0.3,3.2,0.0,0.1,13.5,0.0,0.0,11.6,0.0,0.0,14.3,0.0,0.2,15.2,0.0,0.2,17.8,0.0,4.5
32,1.0,0.36666666666666664,0.041,0.0,0.959,0.6,0.4,0.4,0.0,0.001,0.999,0.0,4.8,0.0,0.0,5.5,0.0,0.6,1.1,0.0,0.2,9.5,0.0,0.0,3.0,0.0,0.0,13.4,0.0,0.0,11.5,0.0,0.1,14.5,0.0,0.0,15.4,0.0,0.1,17.8,0.0,4.5
33,1.2,0.6416666666666666,0.036,0.0,0.9640000000000001,0.8,0.4,0.4,0.0,0.001,0.999,0.0,5.0,0.0,0.0,5.5,0.0,0.3,0.8,0.0,0.3,9.3,0.0,0.1,3.0,0.0,0.3,13.7,0.0,0.0,11.7,0.0,0.1,14.7,0.0,0.1,15.8,0.0,0.0,17.7,0.0,4.5
34,1.2,0.55,0.036,0.0,0.9640000000000001,0.7,0.6,0.3,0.0,0.001,0.999,0.0,5.0,0.0,0.0,5.5,0.0,0.4,0.7,0.0,0.3,8.8,0.0,0.2,3.3,0.0,0.1,13.5,0.0,0.0,11.6,0.0,0.1,14.7,0.0,0.0,15.9,0.0,0.1,18.0,0.0,4.5
35,0.8,0.5,0.032,0.0,0.968,0.4,0.4,0.6,0.0,0.001,0.999,0.1,4.9,0.0,0.0,5.4,0.0,0.3,0.6,0.0,0.2,8.6,0.0,0.0,3.4,0.0,0.1,14.0,0.0,0.1,11.9,0.0,0.0,14.6,0.0,0.0,15.8,0.0,0.0,18.0,0.0,4.5
36,0.9,0.7,0.034999999999999996,0.0,0.9650000000000001,0.8,0.1,0.4,0.0,0.001,0.999,0.0,4.8,0.0,0.0,5.4,0.0,0.1,0.5,0.0,0.1,8.5,0.0,0.1,3.5,0.0,0.1,13.7,0.0,0.1,11.7,0.0,0.2,14.8,0.0,0.1,15.9,0.0,0.1,18.5,0.0,4.5
37,1.0,0.8,0.036,0.0,0.9640000000000001,0.9,0.1,0.1,0.0,0.001,0.999,0.0,4.9,0.0,0.0,5.4,0.0,0.1,0.8,0.0,0.2,8.3,0.0,0.2,3.7,0.0,0.1,13.4,0.0,0.1,11.6,0.0,0.0,14.6,0.0,0.3,15.8,0.0,0.0,18.8,0.0,4.5
38,0.5,0.9,0.034999999999999996,0.0,0.9650000000000001,0.5,0.0,0.1,0.0,0.001,0.999,0.0,5.0,0.0,0.0,5.5,0.0,0.0,0.8,0.0,0.2,8.4,0.0,0.0,3.4,0.0,0.1,13.2,0.0,0.2,11.6,0.0,0.0,14.6,0.0,0.0,15.7,0.0,0.0,18.8,0.0,4.5
39,0.9,0.9,0.031,0.0,0.969,0.7,0.2,0.0,0.0,0.001,0.999,0.0,4.8,0.0,0.0,5.6,0.0,0.2,1.0,0.0,0.1,8.5,0.0,0.0,3.4,0.0,0.1,13.1,0.0,0.1,11.3,0.0,0.1,14.8,0.0,0.2,16.1,0.0,0.1,19.0,0.0,4.5
40,0.6,0.7333333333333333,0.032,0.0,0.968,0.3,0.3,0.2,0.0,0.001,0.999,0.0,4.8,0.0,0.0,5.6,0.0,0.3,0.9,0.0,0.0,8.6,0.0,0.1,3.4,0.0,0.0,13.1,0.0,0.0,11.1,0.0,0.0,14.8,0.0,0.2,16.1,0.0,0.0,18.7,0.0,4.5
41,1.0,0.7666666666666667,0.039,0.0,0.961,0.9,0.1,0.3,0.0,0.001,0.999,0.0,5.1,0.0,0.0,5.5,0.0,0.1,0.9,0.0,0.1,8.5,0.0,0.1,3.2,0.0,0.3,13.1,0.0,0.1,11.1,0.0,0.1,14.9,0.0,0.1,16.0,0.0,0.1,18.7,0.0,4.5
42,0.9,0.6,0.032,0.0,0.968,0.3,0.6,0.1,0.0,0.001,0.999,0.0,5.2,0.0,0.1,5.7,0.0,0.6,1.0,0.0,0.1,8.5,0.0,0.0,3.2,0.0,0.0,12.8,0.0,0.0,11.0,0.0,0.0,14.7,0.0,0.0,16.2,0.0,0.1,18.8,0.0,4.5
43,0.7,0.7083333333333333,0.032,0.0,0.968,0.6,0.1,0.6,0.0,0.001,0.999,0.1,5.3,0.0,0.0,5.9,0.0,0.0,0.9,0.0,0.2,8.7,0.0,0.0,3.1,0.0,0.1,12.7,0.0,0.0,11.0,0.0,0.0,14.8,0.0,0.1,16.0,0.0,0.2,19.0,0.0,4.5
44,1.0,0.65,0.032,0.0,0.968,0.6,0.4,0.1,0.0,0.001,0.999,0.1,5.3,0.0,0.0,6.2,0.0,0.3,0.9,0.0,0.1,8.5,0.0,0.0,3.3,0.0,0.1,12.6,0.0,0.1,10.9,0.0,0.1,14.7,0.0,0.2,16.0,0.0,0.0,19.0,0.0,4.5
45,1.0,0.625,0.033,0.0,0.967,0.5,0.5,0.3,0.0,0.001,0.999,0.0,5.4,0.0,0.0,6.3,0.0,0.3,0.8,0.0,0.1,8.2,0.0,0.3,3.3,0.0,0.1,12.8,0.0,0.0,10.8,0.0,0.2,14.6,0.0,0.0,15.9,0.0,0.0,19.1,0.0,4.5
46,0.6,0.5666666666666667,0.033,0.0,0.967,0.5,0.1,0.5,0.0,0.001,0.999,0.0,5.3,0.0,0.0,6.7,0.0,0.1,1.0,0.0,0.1,8.1,0.0,0.0,3.1,0.0,0.0,12.6,0.0,0.0,10.6,0.0,0.2,14.4,0.0,0.1,16.0,0.0,0.1,19.4,0.0,4.5
47,0.7,0.9,0.037,0.0,0.9629999999999999,0.7,0.0,0.1,0.0,0.001,0.999,0.0,5.6,0.0,0.0,6.7,0.0,0.0,0.9,0.0,0.2,7.8,0.0,0.2,3.1,0.0,0.1,12.6,0.0,0.0,10.7,0.0,0.1,14.2,0.0,0.1,16.0,0.0,0.0,19.4,0.0,4.5
48,0.8,0.95,0.041,0.0,0.959,0.7,0.1,0.0,0.0,0.001,0.999,0.0,5.7,0.0,0.0,6.7,0.0,0.0,1.1,0.0,0.1,7.4,0.0,0.1,2.9,0.0,0.1,12.5,0.0,0.1,10.7,0.0,0.0,14.0,0.0,0.2,16.1,0.0,0.2,19.5,0.0,4.5
49,0.5,0.9,0.041,0.0,0.959,0.5,0.0,0.1,0.0,0.001,0.999,0.0,5.7,0.0,0.0,6.9,0.0,0.0,1.2,0.0,0.1,7.2,0.0,0.0,2.8,0.0,0.2,12.6,0.0,0.0,10.6,0.0,0.2,13.9,0.0,0.0,16.0,0.0,0.0,19.5,0.0,4.5
50,1.3,0.8333333333333334,0.052000000000000005,0.0,0.9480000000000001,1.0,0.3,0.0,0.0,0.001,0.999,0.0,5.5,0.0,0.0,7.0,0.0,0.3,1.3,0.0,0.3,6.9,0.0,0.0,2.8,0.0,0.0,12.4,0.0,0.0,10.6,0.0,0.1,13.9,0.0,0.2,16.0,0.0,0.4,19.4,0.0,4.5
51,0.6,0.7,0.052000000000000005,0.0,0.9480000000000001,0.5,0.1,0.3,0.0,0.001,0.999,0.0,5.8,0.0,0.0,7.2,0.0,0.0,1.2,0.0,0.1,6.5,0.0,0.1,2.8,0.0,0.0,12.3,0.0,0.0,10.6,0.0,0.0,13.8,0.0,0.4,15.9,0.0,0.0,19.2,0.0,4.5
52,1.0,0.8833333333333334,0.05800000000000001,0.0,0.942,0.7,0.3,0.1,0.0,0.001,0.999,0.0,5.9,0.0,0.0,7.6,0.0,0.2,1.0,0.0,0.1,6.4,0.0,0.1,2.6,0.0,0.2,12.3,0.0,0.0,10.7,0.0,0.0,13.9,0.0,0.2,15.4,0.0,0.2,19.1,0.0,4.5
53,1.1,0.8416666666666666,0.068,0.0,0.932,1.0,0.1,0.3,0.0,0.001,0.999,0.0,5.8,0.0,0.0,7.8,0.0,0.1,0.8,0.0,0.3,6.4,0.0,0.1,2.6,0.0,0.0,12.1,0.0,0.1,10.6,0.0,0.1,13.9,0.0,0.1,15.3,0.0,0.3,18.9,0.0,4.5
54,0.7,0.7,0.065,0.0,0.9349999999999999,0.5,0.2,0.1,0.0,0.001,0.999,0.0,6.2,0.0,0.0,8.3,0.0,0.0,0.9,0.0,0.1,5.9,0.0,0.1,2.6,0.0,0.1,12.1,0.0,0.0,10.5,0.0,0.1,13.8,0.0,0.1,15.3,0.0,0.2,18.4,0.0,4.5
55,1.1,0.76,0.062,0.0,0.938,0.8,0.3,0.2,0.0,0.001,0.999,0.0,6.8,0.0,0.0,9.0,0.0,0.2,1.0,0.0,0.0,5.7,0.0,0.1,2.6,0.0,0.1,12.0,0.0,0.1,10.5,0.0,0.0,13.8,0.0,0.3,15.2,0.0,0.3,18.0,0.0,4.5
56,1.4,0.85,0.057999999999999996,0.0,0.942,1.4,0.1,0.2,0.0,0.001,0.999,0.0,7.7,0.0,0.0,9.5,0.0,0.0,1.0,0.0,0.4,5.8,0.0,0.2,2.7,0.0,0.1,11.7,0.0,0.3,10.5,0.0,0.1,13.8,0.0,0.1,15.1,0.0,0.2,17.8,0.0,4.5
57,1.7,0.8083333333333332,0.063,0.0,0.9369999999999999,1.4,0.3,0.1,0.0,0.001,0.999,0.0,8.0,0.0,0.0,10.0,0.0,0.2,1.2,0.0,0.1,5.3,0.0,0.1,2.4,0.0,0.2,11.4,0.0,0.3,10.3,0.0,0.0,13.7,0.0,0.6,15.0,0.0,0.2,17.8,0.0,4.5
58,1.4,0.675,0.06999999999999999,0.0,0.93,1.0,0.4,0.3,0.0,0.001,0.999,0.0,8.1,0.0,0.0,10.4,0.0,0.1,1.1,0.0,0.2,5.1,0.0,0.2,2.2,0.0,0.0,11.3,0.0,0.3,10.0,0.0,0.5,13.7,0.0,0.0,14.4,0.0,0.1,17.7,0.0,4.5
59,0.9,0.65,0.064,0.0,0.9359999999999999,0.7,0.2,0.4,0.0,0.001,0.999,0.0,8.6,0.0,0.0,10.9,0.0,0.1,1.3,0.0,0.2,5.1,0.0,0.1,2.2,0.0,0.1,11.3,0.0,0.1,9.7,0.0,0.0,13.1,0.0,0.1,14.3,0.0,0.2,17.8,0.0,4.5
60,3.3,0.675,0.08600000000000001,0.0,0.914,2.9,0.4,0.2,0.0,0.001,0.999,0.0,9.0,0.0,0.0,11.3,0.0,0.1,1.2,0.0,0.6,4.9,0.0,0.2,2.1,0.0,0.4,11.1,0.0,0.1,9.6,0.0,0.3,13.3,0.0,1.1,14.1,0.0,0.5,17.7,0.0,4.5
61,1.8,0.6,0.08399999999999999,0.0,0.916,1.3,0.6,0.3,0.0,0.001,0.999,0.0,9.0,0.0,0.0,12.8,0.0,0.2,1.2,0.0,0.3,4.6,0.0,0.2,2.0,0.0,0.2,10.6,0.0,0.0,9.3,0.0,0.0,13.0,0.0,0.4,13.0,0.0,0.5,17.4,0.0,4.5
62,3.4,0.7619047619047619,0.10500000000000001,0.0,0.8949999999999999,3.0,0.4,0.6,0.0,0.001,0.999,0.0,8.8,0.0,0.0,13.3,0.0,0.2,1.9,0.0,0.5,4.2,0.0,0.4,2.0,0.0,0.4,10.3,0.0,0.3,9.2,0.0,0.2,13.1,0.0,0.8,12.6,0.0,0.6,17.1,0.0,4.5
63,2.8,0.7333333333333334,0.10800000000000001,0.0,0.892,2.2,0.6,0.4,0.0,0.001,0.999,0.1,8.8,0.0,0.0,14.0,0.0,0.1,1.9,0.0,0.7,4.4,0.0,0.1,1.7,0.0,0.3,10.0,0.0,0.0,9.0,0.0,0.3,12.9,0.0,0.8,11.9,0.0,0.4,16.8,0.0,4.5
64,2.4,0.7875,0.096,0.0,0.9040000000000001,1.7,0.7,0.6,0.0,0.001,0.999,0.0,9.0,0.0,0.0,15.2,0.0,0.4,2.5,0.0,0.7,4.4,0.0,0.3,1.6,0.0,0.1,9.9,0.0,0.1,9.0,0.0,0.1,12.6,0.0,0.2,11.3,0.0,0.5,16.6,0.0,4.5
65,2.7,0.7833333333333333,0.101,0.0,0.899,2.6,0.2,0.4,0.0,0.001,0.999,0.1,9.7,0.0,0.0,15.6,0.0,0.2,2.3,0.0,0.7,4.3,0.0,0.1,1.5,0.0,0.1,9.9,0.0,0.3,9.0,0.0,0.4,12.5,0.0,0.4,11.2,0.0,0.4,16.3,0.0,4.5
66,2.3,0.75,0.10900000000000001,0.0,0.891,1.9,0.4,0.2,0.0,0.001,0.999,0.0,9.8,0.0,0.0,16.1,0.0,0.3,2.4,0.0,0.3,3.9,0.0,0.2,1.6,0.0,0.2,9.7,0.0,0.3,8.7,0.0,0.1,12.2,0.0,0.4,10.8,0.0,0.5,15.8,0.0,4.5
67,2.1,0.8023809523809524,0.11300000000000002,0.0,0.8870000000000001,1.9,0.3,0.3,0.0,0.001,0.999,0.0,10.1,0.0,0.0,16.6,0.0,0.2,2.4,0.0,0.2,3.9,0.0,0.1,1.6,0.0,0.3,9.6,0.0,0.4,8.5,0.0,0.2,11.9,0.0,0.4,10.4,0.0,0.3,15.5,0.0,4.5
68,2.9,0.8023809523809524,0.11399999999999999,0.0,0.8859999999999999,2.3,0.6,0.2,0.0,0.001,0.999,0.1,10.8,0.0,0.0,16.8,0.0,0.3,2.5,0.0,0.2,4.3,0.0,0.7,1.6,0.0,0.2,9.4,0.0,0.4,8.2,0.0,0.0,11.8,0.0,0.3,10.3,0.0,0.7,15.2,0.0,4.5
69,1.9,0.8791666666666667,0.10500000000000001,0.0,0.8949999999999999,1.7,0.2,0.6,0.0,0.001,0.999,0.0,11.0,0.0,0.0,17.8,0.0,0.1,2.3,0.0,0.5,4.4,0.0,0.1,1.7,0.0,0.5,9.3,0.0,0.1,7.8,0.0,0.0,12.0,0.0,0.4,10.5,0.0,0.2,14.4,0.0,4.5
70,2.1,0.8400000000000001,0.10700000000000001,0.0,0.893,1.9,0.2,0.2,0.0,0.001,0.999,0.1,10.8,0.0,0.0,18.8,0.0,0.1,2.3,0.0,0.5,4.3,0.0,0.3,1.6,0.0,0.1,8.8,0.0,0.1,7.7,0.0,0.2,11.9,0.0,0.4,10.6,0.0,0.3,14.3,0.0,4.5
71,2.7,0.8466666666666667,0.10700000000000001,0.0,0.893,2.0,0.7,0.2,0.0,0.001,0.999,0.0,11.6,0.0,0.0,19.4,0.0,0.2,2.4,0.0,0.6,4.0,0.0,0.4,1.5,0.0,0.3,8.5,0.0,0.1,7.6,0.0,0.4,11.7,0.0,0.6,10.5,0.0,0.1,14.1,0.0,4.5
72,6.6,0.8070382395382396,0.141,0.0,0.859,5.5,1.3,0.5,0.0,0.001,0.999,0.1,12.0,0.0,0.0,19.9,0.0,0.2,2.5,0.0,1.3,3.4,0.0,1.2,1.4,0.0,0.9,8.4,0.0,0.7,7.6,0.0,0.3,11.4,0.0,1.3,10.4,0.0,0.6,14.2,0.0,4.5
73,6.1,0.6877164502164502,0.16499999999999998,0.0,0.835,4.9,1.4,1.1,0.0,0.001,0.999,0.1,12.3,0.0,0.0,20.7,0.0,0.4,2.5,0.0,1.1,2.5,0.0,1.1,1.0,0.0,0.3,7.4,0.0,0.2,6.9,0.0,0.8,11.1,0.0,1.5,9.5,0.0,0.6,14.3,0.0,4.5
74,6.1,0.7061507936507937,0.17099999999999999,0.0,0.829,5.3,0.8,1.3,0.0,0.001,0.999,0.1,12.4,0.0,0.0,21.2,0.0,0.3,4.1,0.0,0.9,2.3,0.0,0.4,0.6,0.0,0.9,7.2,0.0,0.5,6.7,0.0,0.9,10.4,0.0,1.5,8.7,0.0,0.6,14.2,0.0,4.5
75,7.0,0.663888888888889,0.17,0.0,0.8300000000000001,5.4,1.8,0.6,0.0,0.001,0.999,0.0,12.4,0.0,0.0,22.0,0.0,0.3,5.6,0.0,1.5,2.3,0.0,1.0,0.8,0.0,0.6,6.8,0.0,1.0,6.2,0.0,0.5,9.7,0.0,1.4,8.0,0.0,0.7,14.1,0.0,4.5
76,6.6,0.6344749694749694,0.176,0.0,0.8240000000000001,5.2,1.7,1.5,0.0,0.001,0.999,0.0,12.7,0.0,0.0,23.0,0.0,0.3,6.6,0.0,1.1,2.1,0.0,0.8,0.6,0.0,0.8,6.4,0.0,0.4,5.4,0.0,0.3,9.3,0.0,1.8,7.1,0.0,1.1,14.0,0.0,4.5
77,5.6,0.6587701187701188,0.166,0.0,0.834,4.3,1.5,1.3,0.0,0.001,0.999,0.0,13.1,0.0,0.0,23.6,0.0,0.1,8.6,0.0,0.9,1.6,0.0,0.6,0.4,0.0,0.9,6.0,0.0,0.7,5.5,0.0,0.6,9.3,0.0,0.9,6.2,0.0,0.9,13.1,0.0,4.5
78,6.3,0.6643689643689644,0.16999999999999998,0.0,0.8300000000000001,5.1,1.2,1.4,0.0,0.001,0.999,0.1,13.0,0.0,0.1,24.2,0.0,0.1,10.9,0.0,1.2,1.9,0.0,0.6,0.4,0.0,0.9,5.2,0.0,0.7,5.0,0.0,0.7,8.8,0.0,1.0,5.7,0.0,0.9,12.9,0.0,4.5
79,4.7,0.5246031746031746,0.16799999999999998,0.0,0.8320000000000001,3.5,1.3,1.1,0.0,0.001,0.999,0.0,13.0,0.0,0.0,24.9,0.0,0.2,12.8,0.0,1.0,1.4,0.0,0.4,0.2,0.0,0.4,4.2,0.0,0.3,4.7,0.0,0.3,8.2,0.0,1.1,4.9,0.0,1.0,12.0,0.0,4.5
80,5.4,0.5617063492063492,0.16,0.0,0.8400000000000001,3.7,1.7,1.2,0.0,0.001,0.999,0.1,13.0,0.0,0.0,26.1,0.0,0.3,14.3,0.0,1.0,1.1,0.0,0.6,0.5,0.0,0.4,4.0,0.0,0.6,4.5,0.0,0.4,8.0,0.0,0.9,4.6,0.0,1.1,11.5,0.0,4.5
81,7.6,0.48225108225108226,0.16499999999999998,0.0,0.835,4.3,3.4,1.5,0.0,0.001,0.999,0.0,13.1,0.0,0.0,26.7,0.0,0.4,15.7,0.0,1.8,0.8,0.0,0.7,0.6,0.0,0.9,3.8,0.0,0.8,4.3,0.0,0.3,7.9,0.0,1.8,4.0,0.0,0.9,10.6,0.0,4.5
82,7.1,0.4986433011433012,0.16999999999999998,0.0,0.8300000000000001,5.1,2.5,2.8,0.0,0.001,0.999,0.1,13.1,0.0,0.0,27.8,0.0,0.4,17.2,0.0,1.1,0.7,0.0,0.8,0.6,0.0,0.7,3.1,0.0,1.0,3.8,0.0,1.1,7.8,0.0,1.1,3.2,0.0,0.8,10.1,0.0,4.5
83,6.4,0.4103643578643578,0.16699999999999998,0.0,0.833,3.8,2.8,2.2,0.0,0.001,0.999,0.0,13.4,0.0,0.1,28.6,0.0,0.1,18.6,0.0,1.3,0.6,0.0,0.5,0.4,0.0,0.9,2.4,0.0,0.5,3.3,0.0,0.7,6.8,0.0,1.5,2.8,0.0,0.8,9.9,0.0,4.5
84,10.2,0.46681388786651945,0.174,0.0,0.826,6.0,4.5,2.5,0.0,0.001,0.999,0.0,14.0,0.0,0.1,28.7,0.0,0.8,20.5,0.0,2.0,0.7,0.0,1.2,0.2,0.0,0.8,2.0,0.0,0.6,3.1,0.0,1.2,6.3,0.0,2.6,2.6,0.0,0.9,9.5,0.0,4.5
85,9.3,0.34517191142191145,0.179,0.0,0.8210000000000001,4.5,5.1,4.1,0.0,0.003,0.9970000000000001,0.0,13.7,0.0,0.0,29.6,0.0,0.5,21.6,0.0,2.1,0.4,0.0,0.9,0.1,0.0,1.2,1.6,0.0,1.0,2.8,0.0,0.6,5.2,0.0,2.1,1.9,0.0,0.9,8.9,0.0,4.5
86,8.8,0.34009526421291125,0.184,0.0,0.8160000000000001,4.7,4.6,4.3,0.0,0.004,0.9960000000000001,0.0,14.2,0.0,0.2,29.7,0.0,0.2,22.4,0.0,1.5,0.7,0.0,1.1,0.1,0.0,0.9,1.2,0.0,0.7,2.4,0.0,0.7,4.8,0.0,2.3,1.2,0.0,1.2,8.6,0.0,4.5
87,12.4,0.39656956115779646,0.20600000000000002,0.0,0.794,6.2,6.7,4.0,0.0,0.004,0.9960000000000001,0.0,14.3,0.0,0.0,30.2,0.0,0.7,23.5,0.0,3.1,0.7,0.0,0.6,0.0,0.0,0.9,1.0,0.0,1.6,2.1,0.0,1.5,4.2,0.0,2.0,0.8,0.0,2.0,7.8,0.0,4.5
88,11.2,0.279555427783655,0.20400000000000001,0.0,0.796,4.6,7.2,6.1,0.0,0.004,0.9960000000000001,0.0,14.5,0.0,0.0,30.7,0.0,0.6,24.2,0.0,2.9,0.2,0.0,0.7,0.1,0.0,1.2,0.8,0.0,1.3,1.7,0.0,0.4,3.6,0.0,2.9,0.5,0.0,1.2,6.4,0.0,4.5
89,11.9,0.30513536078046777,0.197,0.0,0.8030000000000002,5.7,7.0,6.3,0.0,0.006,0.994,0.0,15.1,0.0,0.0,30.7,0.0,0.5,26.3,0.0,3.1,0.3,0.0,0.7,0.0,0.0,0.6,0.5,0.0,1.1,1.5,0.0,0.5,3.7,0.0,2.7,0.2,0.0,2.7,6.2,0.0,4.5
90,9.4,0.2797791375291375,0.191,0.0,0.8089999999999999,4.4,5.7,6.3,0.0,0.007000000000000001,0.993,0.0,14.9,0.0,0.0,31.1,0.0,0.5,27.8,0.0,2.3,0.1,0.0,0.5,0.1,0.0,1.5,0.6,0.0,1.2,1.2,0.0,0.8,3.4,0.0,1.3,0.0,0.0,1.3,4.1,0.0,4.5
91,10.4,0.2631649811541116,0.177,0.0,0.8230000000000001,3.8,7.5,4.8,0.0,0.01,0.99,0.0,14.9,0.0,0.3,31.4,0.0,0.8,30.4,0.0,1.5,0.0,0.0,1.6,0.1,0.0,0.7,0.4,0.0,1.1,0.8,0.0,0.8,2.9,0.0,2.3,0.0,0.0,1.3,3.5,0.0,4.5
92,10.3,0.20942849548112705,0.176,0.0,0.8240000000000001,3.8,6.9,7.1,0.0,0.01,0.99,0.0,14.7,0.0,0.1,31.0,0.0,0.8,32.2,0.0,2.0,0.2,0.0,0.8,0.1,0.0,0.9,0.5,0.0,1.1,0.6,0.0,0.7,2.7,0.0,2.6,0.0,0.0,1.3,3.0,0.0,4.5
93,10.5,0.230510571300045,0.17099999999999999,0.0,0.829,3.8,7.4,6.2,0.0,0.01,0.99,0.1,14.5,0.0,0.0,31.6,0.0,0.6,33.3,0.0,2.4,0.0,0.0,0.7,0.0,0.0,0.9,0.4,0.0,1.3,0.5,0.0,1.1,2.5,0.0,1.7,0.0,0.0,1.7,2.1,0.0,4.5
94,9.5,0.16503463040227745,0.161,0.0,0.8390000000000001,2.5,7.4,6.8,0.0,0.01,0.99,0.0,14.7,0.0,0.0,32.1,0.0,0.3,33.9,0.0,1.9,0.0,0.0,1.5,0.0,0.0,0.8,0.3,0.0,1.5,0.6,0.0,0.6,2.1,0.0,2.0,0.0,0.0,0.9,1.5,0.0,4.5
95,11.2,0.12305979967744674,0.159,0.0,0.841,2.3,9.1,7.1,0.0,0.01,0.99,0.0,14.8,0.0,0.0,32.2,0.0,0.6,34.5,0.0,3.0,0.0,0.0,0.6,0.0,0.0,1.8,0.4,0.0,1.3,0.3,0.0,0.1,2.1,0.0,2.5,0.0,0.0,1.3,0.9,0.0,4.5
96,15.9,0.137980275568284,0.156,0.0,0.844,3.2,13.4,8.4,0.0,0.011,0.9890000000000001,0.0,15.0,0.0,0.1,32.1,0.0,0.9,35.7,0.0,3.9,0.0,0.0,0.9,0.0,0.0,1.2,0.1,0.0,1.2,0.2,0.0,1.6,2.1,0.0,3.6,0.0,0.0,2.5,0.8,0.0,4.5
97,20.1,0.12444740216607333,0.17,0.0,0.8300000000000001,4.2,16.9,12.4,0.0,0.012,0.9879999999999999,0.1,15.2,0.0,0.3,32.4,0.0,1.5,35.6,0.0,4.3,0.0,0.0,1.7,0.0,0.0,1.2,0.0,0.0,1.7,0.2,0.0,1.8,1.8,0.0,4.2,0.0,0.0,3.3,0.7,0.0,4.5
98,21.1,0.11926356721550409,0.185,0.0,0.8150000000000001,4.5,17.7,15.7,0.0,0.014000000000000002,0.986,0.2,15.1,0.0,0.5,32.2,0.0,1.4,35.2,0.0,4.9,0.0,0.0,1.9,0.0,0.0,1.7,0.0,0.0,1.9,0.2,0.0,1.6,1.3,0.0,4.6,0.0,0.0,2.4,0.2,0.0,4.5
99,16.3,0.13320774396291096,0.203,0.0,0.7969999999999999,4.6,12.9,16.5,0.0,0.015,0.985,0.0,14.8,0.0,0.4,31.8,0.0,1.6,34.5,0.0,3.4,0.0,0.0,1.2,0.0,0.0,1.1,0.1,0.0,1.8,0.2,0.0,1.4,1.1,0.0,2.9,0.0,0.0,2.5,0.1,0.0,4.5
100,16.1,0.13701411064405178,0.207,0.0,0.793,4.1,12.9,12.0,0.0,0.015,0.985,0.0,14.5,0.0,0.3,31.7,0.0,1.8,34.9,0.0,3.4,0.0,0.0,1.4,0.0,0.0,1.0,0.0,0.0,1.6,0.0,0.0,1.5,0.7,0.0,3.2,0.0,0.0,1.9,0.0,0.0,4.5
101,14.6,0.1240092822350887,0.21000000000000002,0.0,0.79,3.4,12.1,11.9,0.0,0.016,0.984,0.0,14.6,0.0,0.1,31.2,0.0,1.5,34.7,0.0,4.0,0.0,0.0,1.1,0.0,0.0,0.9,0.0,0.0,1.8,0.0,0.0,0.9,0.3,0.0,2.2,0.0,0.0,2.1,0.0,0.0,4.5
102,16.7,0.11373473832320988,0.205,0.0,0.795,3.2,14.5,11.0,0.0,0.019,0.9810000000000001,0.0,14.9,0.0,0.2,31.4,0.0,1.5,34.9,0.0,3.3,0.0,0.0,1.8,0.0,0.0,1.2,0.0,0.0,1.7,0.0,0.0,1.6,0.2,0.0,2.3,0.0,0.0,3.1,0.0,0.0,4.5
103,15.5,0.1588787035737652,0.21800000000000003,0.0,0.782,4.9,11.9,13.2,0.0,0.021,0.9789999999999999,0.0,14.8,0.0,0.6,31.3,0.0,1.8,34.5,0.0,3.3,0.0,0.0,0.8,0.0,0.0,1.1,0.0,0.0,1.1,0.1,0.0,1.5,0.0,0.0,2.8,0.0,0.0,2.5,0.0,0.0,4.5
104,13.2,0.1296496989600438,0.21600000000000003,0.0,0.784,3.1,11.5,10.4,0.0,0.022,0.978,0.0,15.0,0.0,0.0,30.6,0.0,0.8,33.6,0.0,2.3,0.0,0.0,1.7,0.0,0.0,1.3,0.0,0.0,1.2,0.0,0.0,0.8,0.0,0.0,3.3,0.0,0.0,1.8,0.0,0.0,4.5
105,15.7,0.18393562456062457,0.221,0.0,0.779,4.8,12.0,10.3,0.0,0.024,0.976,0.1,14.6,0.0,0.2,31.4,0.0,2.3,34.5,0.0,2.4,0.0,0.0,1.4,0.0,0.0,1.9,0.0,0.0,1.2,0.0,0.0,1.5,0.0,0.0,3.1,0.0,0.0,1.6,0.0,0.0,4.5
106,15.6,0.1317103370767164,0.22400000000000003,0.0,0.776,3.7,12.9,10.9,0.0,0.025,0.975,0.0,14.5,0.0,0.5,31.3,0.0,1.2,33.5,0.0,3.8,0.0,0.0,1.1,0.0,0.0,1.2,0.0,0.0,0.9,0.0,0.0,1.0,0.0,0.0,3.3,0.0,0.0,2.6,0.0,0.0,4.5
107,16.0,0.14158869704770377,0.221,0.0,0.779,4.1,13.0,11.8,0.0,0.027000000000000003,0.9730000000000001,0.1,14.2,0.0,0.1,30.7,0.0,1.7,34.9,0.0,2.3,0.0,0.0,1.0,0.0,0.0,1.2,0.0,0.0,1.4,0.0,0.0,1.7,0.0,0.0,4.0,0.0,0.0,2.5,0.0,0.0,4.5
108,18.3,0.11232869885354672,0.221,0.0,0.779,3.6,15.6,12.1,0.0,0.031,0.969,0.0,14.2,0.0,0.2,30.5,0.0,1.4,34.8,0.0,4.7,0.0,0.0,1.5,0.0,0.0,1.3,0.0,0.0,1.9,0.0,0.0,1.2,0.0,0.0,3.9,0.0,0.0,2.2,0.0,0.0,4.5
109,17.1,0.15351928015776004,0.229,0.0,0.771,4.5,13.8,14.3,0.0,0.033,0.967,0.2,14.2,0.0,0.3,30.1,0.0,1.7,35.0,0.0,4.0,0.0,0.0,1.5,0.0,0.0,1.0,0.0,0.0,1.3,0.0,0.0,0.9,0.0,0.0,2.8,0.0,0.0,3.4,0.0,0.0,4.5
110,15.0,0.09208159188641084,0.217,0.0,0.783,2.4,13.3,13.0,0.0,0.034,0.966,0.0,14.5,0.0,0.1,29.6,0.0,0.8,35.1,0.0,3.5,0.0,0.0,1.9,0.0,0.0,1.2,0.0,0.0,1.5,0.0,0.0,1.5,0.0,0.0,2.9,0.0,0.0,1.6,0.1,0.0,4.5
111,16.6,0.14127208026354138,0.217,0.0,0.783,4.0,13.4,12.5,0.0,0.034999999999999996,0.9650000000000001,0.1,14.7,0.0,0.1,29.7,0.0,1.5,35.6,0.0,3.2,0.2,0.0,1.7,0.0,0.0,1.5,0.0,0.0,1.0,0.0,0.0,1.6,0.0,0.0,3.6,0.0,0.0,2.3,0.0,0.0,4.5
112,16.7,0.1239264111514751,0.22799999999999998,0.0,0.772,3.7,14.2,12.2,0.0,0.036,0.9640000000000001,0.0,14.7,0.0,0.1,29.2,0.0,1.4,34.8,0.0,3.8,0.0,0.0,1.3,0.0,0.0,1.5,0.0,0.0,1.1,0.2,0.0,1.4,0.0,0.0,4.4,0.0,0.0,1.7,0.0,0.0,4.5
113,16.8,0.15092728190477323,0.24,0.0,0.76,4.7,13.0,13.3,0.0,0.037,0.9630000000000001,0.0,15.0,0.0,0.7,29.0,0.0,1.9,34.6,0.0,3.4,0.0,0.0,0.9,0.0,0.0,2.2,0.0,0.0,1.8,0.0,0.0,1.1,0.0,0.0,2.4,0.0,0.0,2.4,0.0,0.0,4.5
114,16.6,0.1400024203847897,0.244,0.0,0.756,4.1,13.5,11.9,0.0,0.039,0.961,0.0,14.8,0.0,0.6,27.9,0.0,1.2,34.7,0.0,3.6,0.1,0.0,1.5,0.1,0.0,1.7,0.0,0.0,1.6,0.0,0.0,1.0,0.0,0.0,3.3,0.0,0.0,2.1,0.0,0.0,4.5
115,13.3,0.1527805253700693,0.256,0.0,0.744,3.9,10.3,12.5,0.0,0.041,0.959,0.0,14.9,0.0,0.5,27.0,0.0,1.8,34.8,0.0,2.4,0.0,0.0,1.1,0.0,0.0,1.4,0.0,0.0,1.5,0.0,0.0,0.7,0.0,0.0,2.0,0.0,0.0,1.9,0.0,0.0,4.5
116,13.9,0.20469547693685625,0.255,0.0,0.745,4.7,10.4,9.1,0.0,0.043,0.9570000000000001,0.2,14.9,0.0,0.1,27.1,0.0,1.6,34.3,0.0,4.0,0.3,0.0,1.2,0.0,0.0,0.5,0.0,0.0,0.9,0.0,0.0,0.6,0.1,0.0,2.7,0.0,0.0,2.1,0.0,0.0,4.5
117,13.9,0.16924091124280877,0.254,0.0,0.746,4.1,10.9,9.3,0.0,0.044,0.9560000000000001,0.1,15.0,0.0,0.6,26.7,0.0,1.4,35.0,0.0,2.2,0.0,0.0,1.8,0.0,0.0,2.0,0.0,0.0,1.4,0.1,0.0,0.8,0.1,0.0,2.5,0.0,0.0,1.1,0.0,0.0,4.5
118,14.7,0.1852489748959078,0.256,0.0,0.744,4.6,11.3,9.7,0.0,0.045,0.9550000000000001,0.1,15.3,0.0,0.3,26.2,0.0,1.8,35.1,0.0,3.0,0.1,0.0,1.9,0.0,0.0,0.6,0.0,0.0,1.0,0.1,0.0,0.9,0.0,0.0,2.5,0.0,0.0,2.6,0.0,0.0,4.5
119,14.7,0.16296826758926303,0.254,0.0,0.746,4.4,11.4,10.2,0.0,0.045,0.9550000000000001,0.0,15.4,0.0,0.1,25.9,0.0,1.5,34.9,0.0,3.2,0.3,0.0,0.9,0.0,0.0,1.5,0.0,0.0,1.8,0.0,0.0,1.2,0.0,0.0,2.4,0.0,0.0,2.1,0.0,0.0,4.5
120,13.3,0.22334579819705674,0.255,0.0,0.745,5.4,9.1,10.2,0.0,0.045,0.9550000000000001,0.0,15.6,0.0,0.2,25.9,0.0,2.2,35.4,0.0,3.4,0.1,0.0,1.3,0.0,0.0,0.8,0.0,0.0,1.2,0.0,0.0,0.8,0.0,0.0,1.8,0.0,0.0,1.6,0.0,0.0,4.5
121,14.1,0.2041601966873706,0.265,0.0,0.735,4.6,10.4,8.2,0.0,0.046,0.954,0.0,15.3,0.0,0.6,25.7,0.0,1.4,34.5,0.0,3.8,0.0,0.0,0.8,0.0,0.0,1.0,0.1,0.0,1.1,0.0,0.0,0.9,0.0,0.0,2.9,0.0,0.0,1.6,0.0,0.0,4.5
122,12.1,0.2139369459043372,0.261,0.0,0.739,4.9,8.6,9.0,0.0,0.048,0.952,0.0,15.2,0.0,0.4,25.3,0.0,1.3,34.8,0.0,2.8,0.0,0.0,0.5,0.0,0.0,1.1,0.1,0.0,1.1,0.1,0.0,0.5,0.1,0.0,2.6,0.0,0.0,1.8,0.0,0.0,4.5
123,9.5,0.1780827067669173,0.24700000000000003,0.0,0.753,3.2,7.3,7.6,0.0,0.048,0.952,0.0,15.3,0.0,0.1,25.1,0.0,1.0,35.5,0.0,1.4,0.3,0.0,0.7,0.0,0.0,1.2,0.1,0.0,1.0,0.1,0.0,0.7,0.1,0.0,2.0,0.0,0.0,1.4,0.0,0.0,4.5
124,11.5,0.3055555555555555,0.253,0.0,0.747,5.6,6.7,6.5,0.0,0.048,0.952,0.0,15.6,0.0,0.1,24.7,0.0,2.2,36.3,0.0,2.5,0.2,0.0,0.8,0.0,0.0,1.0,0.2,0.0,0.7,0.3,0.0,0.3,0.3,0.0,2.4,0.0,0.0,1.5,0.0,0.0,4.5
125,11.4,0.2864396284829721,0.271,0.0,0.729,5.2,6.8,6.1,0.0,0.052000000000000005,0.9480000000000001,0.0,15.4,0.0,0.6,24.4,0.0,2.0,35.7,0.0,2.1,0.0,0.0,0.6,0.0,0.0,0.8,0.2,0.0,1.3,0.2,0.0,0.9,0.2,0.0,1.4,0.0,0.0,1.7,0.0,0.0,4.5
126,12.2,0.23206776024113487,0.262,0.0,0.738,4.1,9.3,5.6,0.0,0.053000000000000005,0.9470000000000001,0.0,15.6,0.0,0.1,23.7,0.0,0.9,35.5,0.0,3.3,0.2,0.0,0.7,0.0,0.0,0.9,0.1,0.0,0.9,0.2,0.0,1.2,0.0,0.0,2.9,0.0,0.0,1.3,0.0,0.0,4.5
127,13.3,0.2558496042477736,0.267,0.0,0.733,5.9,8.6,8.1,0.0,0.054000000000000006,0.946,0.0,15.6,0.0,0.3,23.3,0.0,1.9,36.4,0.0,2.2,0.4,0.0,1.1,0.1,0.0,1.0,0.0,0.0,1.5,0.1,0.0,0.9,0.3,0.0,2.5,0.0,0.0,1.9,0.0,0.0,4.5
128,13.1,0.25726943346508563,0.281,0.0,0.7190000000000001,5.7,8.4,7.5,0.0,0.056999999999999995,0.943,0.0,15.5,0.0,0.6,22.9,0.0,2.2,36.1,0.0,2.9,0.1,0.0,0.8,0.2,0.0,1.4,0.1,0.0,0.7,0.1,0.0,0.5,0.3,0.0,3.0,0.0,0.0,1.0,0.0,0.0,4.5
129,13.3,0.2727398434898435,0.29300000000000004,0.0,0.7070000000000001,5.7,8.8,7.2,0.0,0.057999999999999996,0.942,0.0,15.7,0.0,0.9,22.1,0.0,1.6,35.2,0.0,2.8,0.1,0.0,0.8,0.1,0.0,1.0,0.1,0.0,1.1,0.0,0.0,0.8,0.2,0.0,2.7,0.0,0.0,1.6,0.0,0.0,4.5
130,14.9,0.2420025873081466,0.30700000000000005,0.0,0.693,5.7,9.7,8.2,0.0,0.057999999999999996,0.942,0.2,15.7,0.0,0.7,21.5,0.0,2.2,35.2,0.0,2.8,0.1,0.0,1.2,0.3,0.0,1.2,0.1,0.0,1.9,0.0,0.0,0.6,0.0,0.0,2.5,0.0,0.0,1.6,0.1,0.0,4.5
131,11.7,0.24049183801421653,0.29500000000000004,0.0,0.705,4.6,8.2,8.6,0.0,0.06,0.9400000000000001,0.0,15.5,0.0,0.0,21.2,0.0,1.8,35.2,0.0,2.8,0.4,0.0,1.0,0.1,0.0,0.9,0.0,0.0,1.1,0.0,0.0,0.7,0.2,0.0,1.4,0.0,0.0,2.0,0.0,0.0,4.5
132,11.5,0.32449275266444466,0.30500000000000005,0.0,0.6950000000000001,6.2,6.6,6.9,0.0,0.062,0.938,0.0,15.6,0.0,0.9,20.7,0.0,1.8,35.7,0.0,2.5,0.2,0.0,0.9,0.1,0.0,0.4,0.0,0.0,1.0,0.0,0.0,0.6,0.4,0.0,2.5,0.0,0.0,0.9,0.1,0.0,4.5
133,11.2,0.26331046948694004,0.30700000000000005,0.0,0.693,4.3,7.7,5.8,0.0,0.064,0.9359999999999999,0.0,15.7,0.0,0.6,19.9,0.0,1.2,35.3,0.0,2.3,0.0,0.0,1.1,0.2,0.0,0.8,0.0,0.0,0.8,0.0,0.0,0.7,0.2,0.0,2.0,0.0,0.0,1.7,0.0,0.0,4.5
134,13.3,0.30313946843105055,0.298,0.0,0.7020000000000001,6.2,8.2,6.6,0.0,0.064,0.9359999999999999,0.0,16.2,0.0,0.2,20.1,0.0,2.1,35.8,0.0,3.7,0.1,0.0,0.7,0.1,0.0,0.9,0.2,0.0,1.3,0.1,0.0,0.4,0.4,0.0,2.5,0.1,0.0,1.5,0.1,0.0,4.5
135,12.7,0.2739485175389066,0.308,0.0,0.692,5.3,8.5,7.1,0.0,0.069,0.931,0.0,16.1,0.0,0.2,20.2,0.0,2.3,35.1,0.0,3.0,0.0,0.0,0.8,0.1,0.0,0.6,0.1,0.0,0.8,0.0,0.0,0.9,0.4,0.0,2.2,0.0,0.0,1.9,0.0,0.0,4.5
136,12.1,0.32834147334147334,0.313,0.0,0.687,6.8,7.3,6.5,0.0,0.07,0.93,0.0,16.4,0.0,0.3,20.0,0.0,1.5,33.9,0.0,2.7,0.1,0.0,0.9,0.1,0.0,1.3,0.2,0.0,1.0,0.0,0.0,1.1,0.1,0.0,1.5,0.0,0.0,1.8,0.1,0.0,4.5
137,12.7,0.26801736825266237,0.298,0.0,0.7020000000000001,5.1,8.7,6.2,0.0,0.07100000000000001,0.9289999999999999,0.1,16.4,0.0,0.1,20.5,0.0,1.4,34.8,0.0,3.7,0.2,0.0,0.8,0.1,0.0,1.4,0.0,0.0,0.9,0.1,0.0,0.8,0.1,0.0,2.7,0.0,0.0,0.8,0.0,0.0,4.5
138,13.4,0.34121071332465636,0.319,0.0,0.681,7.6,7.6,6.9,0.0,0.072,0.9279999999999999,0.0,16.5,0.0,1.0,20.1,0.0,2.4,34.6,0.0,3.1,0.3,0.0,1.0,0.0,0.0,1.0,0.2,0.0,0.9,0.2,0.0,0.7,0.1,0.0,1.9,0.0,0.0,1.4,0.0,0.0,4.5
139,10.7,0.28172471061789944,0.312,0.0,0.688,4.9,7.4,5.9,0.0,0.077,0.923,0.1,16.5,0.0,0.1,19.4,0.0,1.1,33.5,0.0,2.4,0.3,0.0,0.7,0.2,0.0,1.0,0.2,0.0,1.5,0.3,0.0,0.2,0.1,0.0,2.7,0.0,0.0,0.9,0.0,0.0,4.5
140,9.3,0.31535664627769894,0.304,0.0,0.696,5.0,5.1,6.6,0.0,0.079,0.921,0.0,16.2,0.0,0.1,19.5,0.0,1.9,34.9,0.0,2.2,0.8,0.0,0.8,0.1,0.0,0.4,0.2,0.0,0.4,0.3,0.0,0.7,0.2,0.0,1.8,0.1,0.0,1.0,0.1,0.0,4.5
141,10.3,0.36940153929318015,0.307,0.0,0.693,5.5,5.8,4.1,0.0,0.082,0.9179999999999999,0.0,16.1,0.0,0.3,19.2,0.0,1.5,35.0,0.0,2.4,1.0,0.0,1.2,0.0,0.0,0.7,0.2,0.0,0.8,0.3,0.0,0.6,0.2,0.0,1.3,0.1,0.0,1.5,0.2,0.0,4.5
142,13.2,0.35631179484842435,0.319,0.0,0.6809999999999999,6.6,7.8,4.6,0.0,0.08499999999999999,0.915,0.0,16.1,0.0,0.6,19.2,0.0,2.1,34.8,0.0,1.8,0.8,0.0,1.1,0.0,0.0,1.0,0.1,0.0,2.1,0.3,0.0,0.7,0.2,0.0,2.2,0.0,0.0,1.6,0.0,0.0,4.5
143,10.9,0.37385900012178785,0.32199999999999995,0.0,0.678,6.4,5.7,6.6,0.0,0.089,0.9109999999999999,0.1,16.1,0.0,0.2,18.6,0.0,1.7,34.3,0.0,3.2,0.9,0.0,0.9,0.0,0.0,0.4,0.0,0.0,0.8,0.2,0.0,0.7,0.2,0.0,1.8,0.4,0.0,1.1,0.0,0.0,4.5
144,11.2,0.34793673818441617,0.32199999999999995,0.0,0.678,5.6,6.6,4.6,0.0,0.091,0.909,0.0,16.0,0.0,0.3,18.8,0.0,1.6,34.4,0.0,3.4,0.7,0.0,1.2,0.1,0.0,0.9,0.1,0.0,0.8,0.2,0.0,0.1,0.0,0.0,2.1,0.2,0.0,0.8,0.1,0.0,4.5
145,12.3,0.3594185422383363,0.326,0.0,0.674,6.2,7.0,5.7,0.0,0.094,0.906,0.0,15.6,0.0,0.6,18.8,0.0,2.5,34.9,0.0,3.3,0.6,0.0,0.5,0.0,0.0,0.5,0.2,0.0,1.0,0.7,0.0,0.4,0.1,0.0,1.4,0.1,0.0,2.1,0.2,0.0,4.5
146,10.1,0.40198532499044004,0.318,0.0,0.682,6.9,4.6,5.6,0.0,0.099,0.901,0.1,16.3,0.0,0.2,18.6,0.0,1.8,34.0,0.0,2.1,0.9,0.0,0.6,0.3,0.0,0.8,0.3,0.0,1.3,0.7,0.0,0.6,0.4,0.0,1.6,0.1,0.0,1.0,0.1,0.0,4.5
147,13.5,0.40767429938482563,0.33599999999999997,0.0,0.6639999999999999,7.1,7.3,3.7,0.0,0.10700000000000001,0.893,0.3,16.1,0.0,0.4,18.7,0.0,2.5,33.5,0.0,3.5,1.4,0.0,0.8,0.3,0.0,0.5,0.3,0.0,1.5,0.4,0.0,0.7,0.3,0.0,1.5,0.1,0.0,1.8,0.1,0.0,4.5
148,10.6,0.42559047127622984,0.33599999999999997,0.0,0.664,7.2,5.5,5.2,0.0,0.10900000000000001,0.891,0.0,16.0,0.0,0.2,18.3,0.0,1.5,32.6,0.0,2.6,1.1,0.0,0.8,0.2,0.0,0.4,0.4,0.0,0.7,0.2,0.0,0.8,0.3,0.0,2.4,0.0,0.0,1.2,0.1,0.0,4.5
149,13.8,0.3870855559129553,0.348,0.0,0.6519999999999999,7.5,7.6,4.2,0.0,0.11200000000000002,0.8880000000000001,0.0,16.1,0.0,0.3,18.4,0.0,2.1,32.0,0.0,4.3,1.0,0.0,0.7,0.4,0.0,0.9,0.4,0.0,1.2,0.3,0.0,0.8,0.3,0.0,1.8,0.0,0.0,1.7,0.0,0.0,4.5
150,14.2,0.33305293342633496,0.358,0.0,0.642,7.1,8.4,6.3,0.0,0.118,0.882,0.1,16.0,0.0,0.4,18.5,0.0,2.6,31.8,0.0,3.4,0.6,0.0,1.1,0.4,0.0,1.1,0.4,0.0,0.6,0.4,0.0,0.6,0.2,0.0,2.5,0.1,0.0,1.8,0.1,0.0,4.5
151,10.6,0.3567940759504227,0.364,0.0,0.6359999999999999,6.2,6.1,6.7,0.0,0.124,0.876,0.0,15.8,0.0,0.2,18.4,0.0,1.7,30.5,0.0,1.9,0.2,0.0,1.3,0.2,0.0,0.8,0.2,0.0,1.0,0.6,0.0,0.5,0.1,0.0,1.7,0.0,0.0,1.5,0.2,0.0,4.5
152,11.4,0.5053028365496396,0.368,0.0,0.632,8.7,4.4,4.4,0.0,0.132,0.868,0.0,15.6,0.0,0.1,18.8,0.0,2.2,30.2,0.0,2.5,0.8,0.0,0.7,0.2,0.0,0.8,0.3,0.0,0.6,0.5,0.0,1.1,0.2,0.0,1.9,0.1,0.0,1.5,0.0,0.0,4.5
153,13.2,0.3834556035639627,0.366,0.0,0.634,6.7,7.1,3.8,0.0,0.142,0.858,0.1,15.4,0.0,0.6,19.0,0.0,1.4,30.1,0.0,3.1,1.1,0.0,1.7,0.2,0.0,1.2,0.1,0.0,1.1,0.8,0.0,0.8,0.1,0.0,2.0,0.0,0.0,1.2,0.0,0.0,4.5
154,11.6,0.339359477124183,0.352,0.0,0.648,6.4,6.8,5.5,0.0,0.149,0.851,0.0,15.3,0.0,0.4,18.5,0.0,1.4,32.0,0.0,2.7,1.0,0.0,1.3,0.2,0.0,0.9,0.0,0.0,1.2,0.8,0.0,0.5,0.0,0.0,1.8,0.0,0.0,1.4,0.0,0.0,4.5
155,12.1,0.37968636721036103,0.355,0.0,0.645,6.8,6.8,5.3,0.0,0.156,0.844,0.0,15.5,0.0,0.2,18.4,0.0,1.8,31.8,0.0,3.4,0.9,0.0,0.7,0.2,0.0,0.5,0.0,0.0,0.7,0.7,0.0,0.8,0.2,0.0,2.4,0.0,0.0,1.6,0.0,0.0,4.5
156,13.2,0.368058240778829,0.355,0.0,0.645,7.4,7.0,5.6,0.0,0.162,0.8380000000000001,0.1,15.4,0.0,0.4,18.7,0.0,2.2,32.2,0.0,2.9,0.8,0.0,1.6,0.5,0.0,1.1,0.0,0.0,0.5,0.7,0.0,0.9,0.1,0.0,2.1,0.0,0.0,1.4,0.0,0.0,4.5
157,16.5,0.3564690668793053,0.379,0.0,0.621,8.3,9.1,6.1,0.0,0.173,0.827,0.1,14.9,0.0,0.8,18.3,0.0,2.7,31.6,0.0,2.7,0.6,0.0,1.7,0.2,0.0,1.5,0.0,0.0,1.0,0.6,0.0,1.5,0.1,0.0,2.1,0.0,0.0,2.4,0.1,0.0,4.5
158,15.2,0.41695741758241756,0.4,0.0,0.6,10.0,6.8,7.5,0.0,0.185,0.8150000000000001,0.0,14.7,0.0,0.7,17.8,0.0,3.2,30.8,0.0,3.1,0.7,0.0,1.1,0.0,0.0,0.6,0.1,0.0,1.1,0.6,0.0,0.8,0.1,0.0,2.7,0.0,0.0,1.9,0.2,0.0,4.5
159,12.5,0.3535546801403579,0.398,0.0,0.6020000000000001,6.8,7.5,5.0,0.0,0.198,0.8019999999999999,0.0,14.8,0.0,0.1,17.6,0.0,1.8,29.1,0.0,2.7,0.5,0.0,0.7,0.1,0.0,1.0,0.1,0.0,0.7,0.5,0.0,1.4,0.3,0.0,2.6,0.0,0.0,1.5,0.0,0.0,4.5
160,15.1,0.3677557896068126,0.396,0.0,0.604,7.9,8.3,6.4,0.0,0.215,0.7849999999999999,0.1,14.9,0.0,0.8,18.2,0.0,2.5,29.8,0.0,4.6,0.7,0.0,1.1,0.2,0.0,0.7,0.1,0.0,0.2,0.3,0.0,0.5,0.2,0.0,3.2,0.0,0.0,1.4,0.1,0.0,4.5
161,14.2,0.3081882397227666,0.39299999999999996,0.0,0.607,6.7,8.8,7.0,0.0,0.223,0.7769999999999999,0.0,15.2,0.0,0.0,17.3,0.0,2.9,29.3,0.0,3.1,0.7,0.0,0.8,0.2,0.0,1.3,0.0,0.0,1.2,0.6,0.0,0.3,0.6,0.0,2.7,0.0,0.0,1.9,0.1,0.0,4.5
162,13.8,0.3372351545982378,0.395,0.0,0.605,7.5,7.7,7.4,0.0,0.23600000000000004,0.764,0.1,15.3,0.0,0.2,17.5,0.0,2.8,29.4,0.0,4.6,0.7,0.0,0.9,0.3,0.0,0.7,0.0,0.0,0.5,0.3,0.0,1.0,0.7,0.0,2.1,0.0,0.0,0.9,0.0,0.0,4.5
163,14.6,0.3802734409525581,0.403,0.0,0.597,8.2,7.7,6.4,0.0,0.254,0.746,0.0,15.1,0.0,0.6,17.1,0.0,2.8,28.8,0.0,3.0,0.9,0.0,1.2,0.7,0.0,0.9,0.0,0.0,0.9,0.3,0.0,0.6,0.7,0.0,2.6,0.1,0.0,2.0,0.0,0.0,4.5
164,12.0,0.3780151038045775,0.40199999999999997,0.0,0.5980000000000001,7.5,6.0,6.2,0.0,0.267,0.733,0.1,15.1,0.0,0.3,16.8,0.0,2.3,28.7,0.0,3.2,1.5,0.0,0.6,0.5,0.0,1.1,0.1,0.0,1.1,0.3,0.0,0.3,0.8,0.0,1.6,0.0,0.0,1.4,0.2,0.0,4.5
165,14.1,0.43146275548833096,0.41,0.0,0.5900000000000001,8.7,6.4,5.0,0.0,0.284,0.716,0.0,15.1,0.0,0.7,16.9,0.0,1.9,27.7,0.0,3.5,1.2,0.0,1.8,0.8,0.0,0.6,0.1,0.0,0.8,0.2,0.0,0.3,0.8,0.0,2.6,0.1,0.0,1.9,0.3,0.0,4.5
166,13.5,0.3754870178840767,0.41200000000000003,0.0,0.588,7.6,7.1,5.2,0.0,0.302,0.6980000000000001,0.0,15.1,0.0,0.1,16.9,0.0,2.2,26.9,0.0,2.9,1.5,0.0,1.2,0.7,0.0,1.2,0.4,0.0,1.2,0.1,0.0,0.9,0.9,0.0,2.1,0.0,0.0,1.7,0.0,0.0,4.5
167,15.2,0.38694988014968834,0.41900000000000004,0.0,0.5810000000000001,8.4,7.9,5.9,0.0,0.318,0.682,0.1,15.5,0.0,0.6,17.2,0.0,2.3,26.5,0.0,3.6,1.5,0.0,1.3,0.5,0.0,0.8,0.6,0.0,1.7,0.2,0.0,1.1,0.7,0.0,2.7,0.0,0.0,1.0,0.0,0.0,4.5
168,13.7,0.44193062926925153,0.41900000000000004,0.0,0.581,9.5,5.4,6.7,0.0,0.33599999999999997,0.6639999999999999,0.1,15.2,0.0,0.4,17.1,0.0,2.5,27.1,0.0,3.6,1.9,0.0,1.2,0.4,0.0,1.1,0.6,0.0,0.9,0.5,0.0,0.8,0.5,0.0,1.8,0.0,0.0,1.3,0.1,0.0,4.5
169,15.9,0.41887017576379015,0.445,0.0,0.5549999999999999,8.9,8.0,4.4,0.0,0.367,0.633,0.4,15.1,0.0,0.9,17.3,0.0,2.5,25.8,0.0,3.8,0.6,0.0,1.3,0.3,0.0,1.2,0.6,0.0,0.8,0.4,0.0,0.8,0.3,0.0,1.8,0.0,0.0,2.4,0.3,0.0,4.5
170,14.7,0.42030025747672806,0.44800000000000006,0.0,0.5519999999999999,9.0,7.8,5.9,0.0,0.39699999999999996,0.603,0.1,14.8,0.0,0.9,16.8,0.0,2.6,25.2,0.0,3.8,0.1,0.0,0.9,0.3,0.0,0.8,0.4,0.0,1.1,0.8,0.0,0.9,0.7,0.0,2.3,0.0,0.0,1.3,0.0,0.0,4.5
171,14.2,0.43575928025169014,0.441,0.0,0.5589999999999999,8.4,8.2,5.4,0.0,0.42699999999999994,0.5730000000000001,0.1,14.8,0.0,0.7,16.5,0.0,2.0,25.3,0.0,4.0,0.3,0.0,1.4,0.5,0.0,0.6,0.4,0.0,0.5,1.0,0.0,1.4,0.4,0.0,2.0,0.2,0.0,1.5,0.0,0.0,4.5
172,14.6,0.4300893512573857,0.44699999999999995,0.0,0.553,9.2,7.4,6.1,0.0,0.457,0.5429999999999999,0.1,14.8,0.0,0.7,15.8,0.0,2.5,25.9,0.0,3.6,0.5,0.0,1.4,0.4,0.0,0.9,0.4,0.0,0.7,1.2,0.0,0.6,0.3,0.0,2.6,0.1,0.0,1.5,0.2,0.0,4.5
173,14.2,0.4044347041847042,0.458,0.0,0.542,8.1,7.7,5.8,0.0,0.47800000000000004,0.522,0.0,15.4,0.0,0.8,15.1,0.0,2.3,24.8,0.0,3.2,0.6,0.0,1.2,0.2,0.0,1.0,0.6,0.0,1.5,1.0,0.0,0.9,0.5,0.0,1.8,0.0,0.0,1.5,0.0,0.0,4.5
174,13.2,0.36770574006391576,0.45899999999999996,0.0,0.541,7.3,7.5,6.0,0.0,0.499,0.501,0.0,15.8,0.0,0.2,14.6,0.0,1.8,24.0,0.0,3.1,1.0,0.0,1.0,0.0,0.0,1.1,0.3,0.0,1.5,1.1,0.0,0.8,0.7,0.0,2.3,0.0,0.0,1.4,0.1,0.0,4.5
175,12.6,0.4488694331983806,0.45,0.0,0.55,8.6,6.2,5.2,0.0,0.523,0.47700000000000004,0.0,16.2,0.0,0.7,14.4,0.0,2.2,25.6,0.0,2.7,0.6,0.0,1.3,0.2,0.0,1.2,0.0,0.0,1.1,0.7,0.0,0.5,0.5,0.0,2.6,0.4,0.0,0.3,0.1,0.0,4.5
176,14.4,0.4200316996908059,0.45999999999999996,0.0,0.54,8.4,6.7,5.5,0.0,0.548,0.45199999999999996,0.1,16.4,0.0,0.3,14.1,0.0,3.5,25.1,0.0,3.0,1.1,0.0,1.1,0.2,0.0,1.2,0.0,0.0,0.9,1.0,0.0,0.7,0.3,0.0,2.1,0.4,0.0,1.5,0.3,0.0,4.5
177,13.6,0.34282203294867863,0.46399999999999997,0.0,0.536,6.7,7.8,5.8,0.0,0.584,0.41600000000000004,0.0,16.5,0.0,0.6,13.5,0.0,1.9,23.2,0.0,3.8,1.6,0.0,1.4,0.1,0.0,1.0,0.0,0.0,0.6,0.9,0.0,0.6,0.4,0.0,2.4,0.2,0.0,1.3,0.3,0.0,4.5
178,13.2,0.40031233386496545,0.465,0.0,0.5349999999999999,8.2,7.1,5.7,0.0,0.61,0.39,0.0,16.5,0.0,0.5,12.9,0.0,2.0,23.9,0.0,3.2,1.9,0.0,1.3,0.1,0.0,1.1,0.1,0.0,0.8,1.1,0.0,1.1,0.4,0.0,1.7,0.5,0.0,1.5,0.4,0.0,4.5
179,15.0,0.40970930840496056,0.465,0.0,0.5349999999999999,8.8,7.4,5.9,0.0,0.636,0.364,0.1,16.5,0.0,0.4,13.3,0.0,2.5,24.6,0.0,3.7,1.4,0.0,0.5,0.3,0.0,1.3,0.2,0.0,1.4,1.2,0.0,0.8,0.4,0.0,2.2,0.4,0.0,2.1,0.2,0.0,4.5
180,14.6,0.46322087047858373,0.4720000000000001,0.0,0.528,10.0,6.7,5.3,0.0,0.6689999999999999,0.331,0.3,16.1,0.0,0.5,13.8,0.0,2.6,24.5,0.0,3.2,0.6,0.0,0.8,0.3,0.0,1.4,0.1,0.0,0.9,1.3,0.0,1.2,0.5,0.0,2.2,0.1,0.0,1.5,0.1,0.0,4.5
181,14.0,0.3678719801010823,0.476,0.0,0.524,7.5,8.1,5.1,0.0,0.694,0.306,0.0,15.9,0.0,0.2,13.3,0.0,2.4,23.8,0.0,3.8,0.3,0.0,1.1,0.2,0.0,1.1,0.0,0.0,0.8,1.2,0.0,0.7,0.2,0.0,2.4,0.1,0.0,1.5,0.0,0.0,4.5
182,15.0,0.43261473820297347,0.476,0.0,0.524,9.6,7.5,6.0,0.0,0.726,0.274,0.0,16.2,0.0,0.7,13.4,0.0,2.8,24.4,0.0,4.7,0.2,0.0,1.0,0.2,0.0,0.6,0.0,0.0,1.0,1.6,0.0,0.6,0.2,0.0,2.9,0.1,0.0,0.7,0.2,0.0,4.5
183,15.5,0.42827180172768403,0.485,0.0,0.515,9.6,7.4,6.0,0.001,0.753,0.246,0.2,16.6,0.0,0.3,13.1,0.0,3.7,23.4,0.0,3.6,0.3,0.0,1.1,0.7,0.0,0.8,0.1,0.0,0.9,1.4,0.0,0.7,0.6,0.0,3.1,0.1,0.0,1.1,0.2,0.0,4.5
184,13.3,0.39508269342668323,0.479,0.0,0.521,8.0,7.1,5.6,0.001,0.768,0.231,0.2,16.9,0.0,0.3,14.3,0.0,1.6,21.3,0.0,2.9,0.0,0.0,1.4,0.8,0.0,0.9,0.2,0.0,0.9,1.3,0.0,1.0,0.4,0.0,2.4,0.0,0.0,1.7,0.2,0.0,4.5
185,14.6,0.4703835051593835,0.477,0.0,0.523,10.1,7.2,4.4,0.001,0.794,0.20500000000000002,0.1,17.1,0.0,1.0,15.0,0.0,2.3,22.1,0.0,3.6,0.1,0.0,0.8,0.4,0.0,0.5,0.2,0.0,1.4,1.2,0.0,1.2,0.2,0.0,2.2,0.0,0.0,1.5,0.1,0.0,4.5
186,14.3,0.4144804044904159,0.47000000000000003,0.001,0.529,8.5,7.7,5.2,0.001,0.817,0.182,0.1,17.4,0.0,0.6,14.6,0.0,3.1,21.8,0.0,3.7,0.6,0.0,1.0,0.6,0.0,1.1,0.4,0.0,1.0,1.2,0.0,0.4,0.3,0.0,2.2,0.1,0.0,1.1,0.2,0.5499999999999989,4.5
187,15.9,0.3934445181581404,0.492,0.0,0.508,9.2,8.4,6.0,0.001,0.844,0.155,0.3,17.1,0.0,0.8,14.9,0.0,2.3,20.5,0.0,4.5,0.7,0.0,2.3,0.6,0.0,0.5,0.2,0.0,0.8,1.2,0.0,0.5,0.4,0.0,2.7,0.1,0.0,1.2,0.2,0.0,4.5
188,13.1,0.43737836503081506,0.488,0.0,0.512,9.2,6.8,5.5,0.001,0.869,0.13,0.1,16.7,0.0,0.2,14.2,0.0,2.1,20.5,0.0,3.7,0.7,0.0,1.3,0.0,0.0,0.7,0.2,0.0,1.1,1.2,0.0,0.5,0.5,0.0,2.2,0.4,0.0,1.2,0.2,0.0,4.5
189,14.1,0.4823591597866225,0.49800000000000005,0.0,0.502,9.7,6.8,4.4,0.001,0.8880000000000001,0.11100000000000002,0.5,16.4,0.0,0.7,14.4,0.0,2.0,20.5,0.0,3.2,0.7,0.0,0.8,0.0,0.0,1.0,0.4,0.0,1.7,1.0,0.0,0.4,0.3,0.0,1.6,0.5,0.0,2.2,0.2,0.0,4.5
190,13.6,0.5020014809445095,0.506,0.0,0.49400000000000005,9.6,5.9,4.9,0.001,0.907,0.092,0.1,16.4,0.0,0.8,14.3,0.0,2.1,20.0,0.0,3.3,0.3,0.0,0.7,0.1,0.0,1.2,0.5,0.0,1.0,0.9,0.0,1.1,0.6,0.0,2.3,0.3,0.0,1.0,0.1,0.0,4.5
191,16.1,0.4481067759289175,0.508,0.0,0.492,8.7,8.2,5.1,0.001,0.9269999999999999,0.072,0.0,16.7,0.0,0.6,13.9,0.0,2.5,19.7,0.0,3.4,0.2,0.0,1.3,0.3,0.0,0.7,0.5,0.0,0.6,0.9,0.0,1.1,0.6,0.0,3.5,0.5,0.0,2.4,0.2,0.0,4.5
192,13.3,0.4391357326883643,0.506,0.0,0.49400000000000005,9.2,5.4,6.8,0.001,0.9359999999999999,0.063,0.1,17.1,0.0,0.3,14.2,0.0,3.4,19.6,0.0,2.8,1.0,0.0,1.3,0.6,0.0,0.7,0.5,0.0,0.7,0.9,0.0,0.7,0.4,0.0,2.1,0.4,0.0,1.2,0.0,0.0,4.5
193,17.2,0.4969525797470687,0.5269999999999999,0.0,0.473,10.8,7.6,4.2,0.001,0.9460000000000001,0.053000000000000005,0.0,16.9,0.0,0.7,14.4,0.0,3.6,17.6,0.0,5.4,1.3,0.0,1.1,0.8,0.0,0.8,0.5,0.0,1.2,1.1,0.0,0.8,0.3,0.0,1.8,0.5,0.0,1.8,0.0,0.0,4.5
194,13.3,0.462749568255289,0.53,0.001,0.46900000000000003,9.5,5.5,5.8,0.001,0.953,0.046,0.0,17.3,0.0,0.3,14.2,0.5499999999999989,3.4,15.8,0.0,2.8,0.5,0.0,1.0,1.2,0.0,0.8,0.4,0.0,0.7,1.3,0.0,0.9,0.2,0.0,2.2,0.9,0.0,1.2,0.0,0.0,4.5
195,17.3,0.5222122450818103,0.548,0.001,0.45099999999999996,11.7,6.8,4.3,0.001,0.958,0.041,0.0,17.2,0.0,0.8,14.6,0.5499999999999989,4.0,15.4,0.0,4.0,0.7,0.0,1.1,1.2,0.0,1.0,0.6,0.0,1.5,1.4,0.0,1.1,0.1,0.0,2.4,0.7,0.0,1.4,0.0,0.0,4.5
196,16.8,0.4832022001644427,0.5519999999999999,0.001,0.44699999999999995,11.3,7.3,4.9,0.001,0.961,0.038,0.2,17.5,0.0,0.2,14.3,0.5499999999999989,3.7,12.8,0.0,4.2,1.4,0.0,1.1,1.6,0.0,0.6,0.8,0.0,0.9,1.3,0.0,1.2,0.4,0.0,3.1,0.9,0.0,1.6,0.1,0.0,4.5
197,15.3,0.571309057901163,0.571,0.0,0.429,12.7,5.2,4.7,0.001,0.9650000000000001,0.034,0.2,17.7,0.0,1.1,14.6,0.0,4.5,11.0,0.0,3.2,1.2,0.0,0.8,2.2,0.0,0.7,0.9,0.0,1.4,1.2,0.0,1.1,0.6,0.0,1.7,1.0,0.0,0.6,0.0,0.0,4.5
198,13.9,0.49911694998365486,0.564,0.001,0.43499999999999994,9.4,6.0,3.7,0.001,0.966,0.033,0.2,18.1,0.5499999999999989,0.3,13.7,0.0,3.4,8.4,0.0,3.1,0.9,0.0,1.2,2.3,0.0,0.7,0.9,0.0,0.9,1.3,0.0,0.9,0.8,0.0,2.3,0.9,0.0,0.9,0.4,0.0,4.5
199,13.8,0.6095273543660641,0.556,0.001,0.44299999999999995,11.6,4.2,4.0,0.001,0.97,0.028999999999999998,0.2,18.2,0.5499999999999989,0.5,14.4,0.0,2.4,9.0,0.0,2.9,1.3,0.0,1.5,2.4,0.0,0.6,1.0,0.0,1.0,1.1,0.0,1.0,0.6,0.0,1.8,1.2,0.0,1.9,1.0,0.0,4.5
200,15.1,0.5258312447786132,0.572,0.001,0.42700000000000005,9.9,5.8,3.6,0.001,0.9730000000000001,0.026000000000000002,0.0,18.0,0.5499999999999989,0.8,14.2,0.0,3.5,8.9,0.0,4.2,1.6,0.0,1.1,2.1,0.0,1.1,0.9,0.0,0.5,0.9,0.0,0.5,0.5,0.0,2.2,1.1,0.0,1.2,0.4,0.0,4.5
201,12.5,0.5346691547709854,0.5519999999999999,0.001,0.44699999999999995,9.4,4.7,4.2,0.001,0.974,0.025,0.1,19.1,0.5499999999999989,0.3,13.6,0.0,2.9,7.8,0.0,2.6,2.5,0.0,1.2,2.4,0.0,1.0,1.2,0.0,1.0,1.2,0.0,0.8,0.7,0.0,1.2,1.0,0.0,1.4,0.3,0.0,4.5
202,16.6,0.5424643466209602,0.5509999999999999,0.001,0.44800000000000006,11.1,6.8,3.3,0.001,0.977,0.022,0.0,19.3,0.5499999999999989,0.4,13.6,0.0,3.4,7.9,0.0,3.7,3.3,0.0,1.1,2.6,0.0,0.9,1.5,0.0,0.8,1.4,0.0,0.7,0.5,0.0,3.9,1.3,0.0,1.7,0.2,0.0,4.5
203,15.1,0.48744724017162777,0.545,0.001,0.454,10.2,6.3,5.4,0.001,0.9800000000000001,0.019,0.0,19.4,0.5499999999999989,0.6,14.2,0.0,2.8,6.7,0.0,4.2,3.2,0.0,1.2,2.6,0.0,0.7,1.6,0.0,0.6,1.6,0.0,0.9,0.6,0.0,2.1,0.3,0.0,2.0,0.4,0.0,4.5
204,16.8,0.5305215878070568,0.542,0.001,0.457,11.4,7.4,4.2,0.002,0.9789999999999999,0.019,0.0,20.0,0.5499999999999989,0.0,14.2,0.0,3.2,6.6,0.0,4.7,3.2,0.0,1.4,2.4,0.0,1.5,1.5,0.0,1.6,1.8,0.0,0.7,0.6,0.0,2.5,0.3,0.0,1.2,0.3,0.0,4.5
205,19.8,0.531440895454774,0.561,0.002,0.437,13.3,7.7,6.2,0.002,0.9810000000000001,0.017,0.0,19.7,1.0999999999999979,0.5,15.4,0.0,4.5,6.0,0.0,5.7,2.5,0.0,1.3,2.7,0.0,1.0,1.3,0.0,1.3,1.5,0.0,0.8,0.5,0.0,2.9,0.5,0.0,1.8,0.9,0.0,4.5
206,20.8,0.4927269954175255,0.5740000000000001,0.002,0.42400000000000004,13.1,9.5,5.9,0.003,0.9800000000000001,0.017,0.1,19.6,1.0999999999999979,0.3,15.7,0.0,4.8,4.3,0.0,5.0,1.9,0.0,1.5,2.4,0.0,1.1,1.4,0.0,1.4,1.3,0.0,1.3,0.8,0.0,2.9,0.3,0.0,2.4,0.5,0.0,4.5
207,19.1,0.45034427579083613,0.576,0.003,0.421,12.1,9.3,7.1,0.003,0.9810000000000001,0.016,0.0,19.7,1.549999999999999,0.1,15.8,0.0,4.7,3.7,0.0,4.7,3.0,0.0,2.1,2.3,0.0,1.7,1.7,0.0,1.1,1.3,0.0,0.4,0.3,0.0,2.4,0.1,0.0,1.9,0.2,0.0,4.5
208,18.9,0.48223001378168256,0.5589999999999999,0.003,0.438,12.5,8.9,6.8,0.004,0.9789999999999999,0.016999999999999998,0.2,20.2,1.549999999999999,0.2,16.5,0.0,5.8,3.2,0.0,4.0,1.9,0.0,1.2,2.1,0.0,0.7,1.3,0.0,1.7,1.5,0.0,0.8,1.0,0.0,2.7,0.2,0.0,1.6,0.1,0.0,4.5
209,18.5,0.455438235772618,0.5429999999999999,0.004,0.453,11.5,9.5,6.3,0.004,0.978,0.018,0.0,20.5,2.099999999999998,0.7,16.9,0.0,4.8,2.9,0.0,4.5,2.3,0.0,1.5,3.0,0.0,1.4,1.5,0.0,1.0,1.3,0.0,0.7,1.2,0.0,2.2,0.0,0.0,1.7,0.3,0.0,4.5
210,20.4,0.42838652842684244,0.5519999999999999,0.004,0.44399999999999995,12.5,10.5,6.7,0.005,0.976,0.019,0.0,21.0,2.099999999999998,0.5,16.3,0.0,4.5,2.7,0.0,5.8,1.0,0.0,1.6,2.5,0.0,1.7,2.1,0.0,0.9,1.6,0.0,0.8,1.1,0.0,3.4,0.3,0.0,1.2,0.2,0.0,4.5
211,19.5,0.40345709756193626,0.5479999999999999,0.005,0.44699999999999995,11.9,10.0,8.1,0.005,0.978,0.017,0.1,20.9,2.099999999999998,0.4,16.8,0.0,5.5,2.3,0.0,5.2,1.5,0.0,1.2,2.6,0.0,1.1,2.2,0.0,1.0,1.7,0.0,0.7,0.7,0.0,2.6,0.1,0.0,1.7,0.6,0.0,4.5
212,20.9,0.4197962947528605,0.5509999999999999,0.004,0.445,12.8,10.6,7.4,0.004,0.9789999999999999,0.016999999999999998,0.1,21.1,1.549999999999999,0.5,16.8,0.0,5.1,1.7,0.0,4.7,2.1,0.0,1.8,2.1,0.0,1.5,2.4,0.0,1.8,1.6,0.0,0.8,0.5,0.0,3.1,0.1,0.0,1.5,0.6,0.0,4.5
213,16.5,0.4001835339602339,0.5429999999999999,0.004,0.453,10.6,7.8,8.5,0.004,0.978,0.018,0.0,21.2,1.549999999999999,0.3,16.8,0.0,3.5,1.2,0.0,4.4,2.2,0.0,1.5,2.6,0.0,0.5,2.5,0.0,1.4,1.4,0.0,1.0,0.8,0.0,2.3,0.1,0.0,1.6,0.3,0.0,4.5
214,18.6,0.44237724737105977,0.538,0.004,0.458,12.0,9.8,4.6,0.004,0.977,0.019,0.2,21.3,1.549999999999999,0.5,16.8,0.0,3.8,1.5,0.0,5.7,1.8,0.0,0.9,2.7,0.0,1.0,2.6,0.0,1.0,1.8,0.0,0.7,0.4,0.0,2.5,0.0,0.0,2.3,0.3,0.0,4.5
215,21.6,0.3984572182152827,0.5389999999999999,0.004,0.457,12.0,11.9,7.5,0.004,0.976,0.02,0.1,21.2,1.549999999999999,0.7,16.6,0.0,5.5,1.7,0.0,5.1,2.5,0.0,1.0,3.3,0.0,1.1,2.6,0.0,1.2,1.8,0.0,1.3,0.7,0.0,3.2,0.1,0.0,2.4,0.2,0.0,4.5
216,20.1,0.4137813179669071,0.545,0.004,0.45099999999999996,12.9,9.2,9.9,0.005,0.974,0.021,0.1,21.6,1.549999999999999,0.7,16.1,0.0,4.7,1.6,0.0,5.1,2.2,0.0,1.5,3.5,0.0,1.5,2.9,0.0,1.3,1.9,0.0,0.9,0.4,0.0,2.4,0.0,0.0,1.9,0.0,0.0,4.5
217,21.6,0.45409810097310094,0.5509999999999999,0.005,0.44399999999999995,13.2,10.6,6.9,0.006,0.9730000000000001,0.021,0.0,21.8,1.549999999999999,0.7,15.8,0.0,4.8,1.5,0.0,6.3,1.5,0.0,1.7,4.0,0.0,1.6,2.4,0.0,1.1,2.1,0.0,0.7,0.4,0.0,3.0,0.0,0.0,1.7,0.0,0.0,4.5
218,19.2,0.468979458522562,0.538,0.006,0.45599999999999996,13.2,9.3,7.2,0.007000000000000001,0.9720000000000001,0.021,0.0,22.5,1.549999999999999,0.6,15.1,0.0,5.2,1.6,0.0,4.5,1.7,0.0,1.2,4.0,0.0,1.3,2.0,0.0,1.5,2.6,0.0,0.9,0.5,0.0,2.2,0.0,0.0,1.8,0.2,0.0,4.5
219,20.0,0.47752464887726287,0.544,0.007000000000000001,0.449,13.8,8.5,7.0,0.009,0.97,0.021,0.2,23.1,1.549999999999999,0.4,14.6,0.0,4.7,1.7,0.0,5.0,1.5,0.0,1.8,4.7,0.0,0.9,1.8,0.0,1.7,2.0,0.0,1.1,0.8,0.0,2.9,0.1,0.0,1.3,0.2,0.0,4.5
220,18.8,0.5434411411300575,0.5509999999999999,0.008,0.441,14.0,7.0,6.1,0.011,0.968,0.021,0.1,23.3,2.0,0.4,14.1,0.0,4.1,2.0,0.0,4.9,1.6,0.0,1.3,4.3,0.0,1.5,2.1,0.0,1.6,1.5,0.0,1.2,0.7,0.0,1.9,0.1,0.0,1.8,0.1,0.0,4.5
221,20.2,0.5320274112028235,0.5429999999999999,0.011,0.446,14.3,7.9,4.9,0.011,0.967,0.022,0.1,22.9,2.549999999999999,0.5,14.4,0.0,5.1,2.0,0.0,5.0,2.1,0.0,1.6,4.7,0.0,1.1,2.2,0.0,1.3,1.9,0.0,0.7,0.4,0.0,2.8,0.2,0.0,2.0,0.0,0.0,4.5
222,20.2,0.5008161088424246,0.55,0.011,0.43900000000000006,13.4,9.1,5.5,0.011,0.962,0.027000000000000003,0.1,22.8,2.549999999999999,1.0,13.8,0.0,4.3,1.9,0.0,5.2,1.5,0.0,2.0,5.1,0.0,1.3,2.5,0.0,1.3,2.0,0.0,0.5,0.5,0.0,2.7,0.0,0.0,1.8,0.0,0.0,4.5
223,18.0,0.5359170953567506,0.5439999999999999,0.01,0.446,13.9,8.2,4.9,0.01,0.9570000000000001,0.033,0.0,23.0,2.549999999999999,0.2,13.3,0.0,4.6,1.6,0.0,4.0,2.1,0.0,1.8,4.7,0.0,1.2,2.7,0.0,0.8,2.0,0.0,1.0,0.6,0.0,2.1,0.0,0.0,2.3,0.0,0.0,4.5
224,18.0,0.41843987416980166,0.53,0.009,0.461,11.0,8.8,6.3,0.011,0.954,0.034999999999999996,0.1,23.2,2.549999999999999,0.2,13.9,0.0,3.4,1.2,0.0,4.7,2.1,0.0,1.5,4.8,0.0,1.5,2.9,0.0,1.2,2.6,0.0,0.9,0.8,0.0,2.7,0.0,0.0,1.8,0.2,0.0,4.5
225,20.7,0.485744296859981,0.5269999999999999,0.01,0.46299999999999997,14.0,9.1,6.4,0.013000000000000001,0.9490000000000001,0.038,0.3,22.8,3.099999999999998,0.5,13.5,0.5499999999999989,4.2,1.1,0.0,5.0,3.6,0.0,1.8,5.5,0.0,1.5,3.1,0.0,1.0,2.8,0.0,1.5,0.4,0.0,2.2,0.4,0.0,2.7,0.1,0.0,4.5
226,20.1,0.42227811465311466,0.504,0.013000000000000001,0.483,11.5,10.2,7.5,0.016,0.938,0.046,0.0,23.1,3.649999999999997,0.5,12.9,0.5499999999999989,4.3,1.4,0.0,6.1,3.9,0.0,1.8,6.5,0.0,1.4,3.5,0.0,0.7,2.8,0.0,0.9,0.2,0.0,2.4,0.6,0.0,2.0,0.0,0.0,4.5
227,20.6,0.47048093430920757,0.504,0.016,0.48,14.2,8.8,7.7,0.019,0.9289999999999999,0.052000000000000005,0.0,23.3,3.649999999999997,0.4,12.7,0.5499999999999989,4.9,1.2,0.0,4.9,4.6,0.0,1.8,6.7,0.0,1.5,3.7,0.0,1.0,3.2,0.5499999999999989,0.7,0.3,0.0,3.4,0.3,0.0,2.0,0.1,0.0,4.5
228,16.8,0.4888923322794291,0.501,0.019,0.48,12.4,6.9,6.2,0.022,0.9199999999999999,0.057999999999999996,0.0,23.3,4.099999999999998,0.6,12.4,0.5499999999999989,4.2,0.4,0.0,3.3,6.1,0.0,1.5,6.4,0.0,1.2,3.4,0.0,1.3,2.4,1.0999999999999979,0.8,0.3,0.0,2.2,0.7,0.0,1.7,0.0,0.0,4.5
229,18.0,0.5746540675572933,0.51,0.018,0.472,14.4,6.1,4.3,0.027000000000000003,0.906,0.067,0.1,23.8,4.099999999999998,0.3,11.8,0.5499999999999989,4.6,0.2,0.0,4.9,7.3,0.0,0.6,6.0,0.0,1.7,3.3,0.0,0.7,2.3,1.0999999999999979,0.8,0.4,0.0,2.5,0.5,0.0,1.8,0.0,0.0,4.5
230,19.0,0.6078107078107078,0.513,0.020999999999999998,0.466,15.1,5.9,4.1,0.027000000000000003,0.905,0.068,0.3,23.8,4.199999999999996,1.0,12.0,0.5499999999999989,3.3,0.2,0.0,4.6,5.5,0.5499999999999989,1.5,7.2,0.0,1.7,3.0,0.0,0.5,2.8,1.6499999999999968,1.2,0.2,0.0,3.1,0.7,0.5499999999999989,1.8,0.2,0.0,4.5
231,19.6,0.5291319133764786,0.51,0.02,0.47000000000000003,13.3,7.9,4.3,0.024,0.908,0.06799999999999999,0.1,23.9,3.099999999999998,0.3,11.1,0.5499999999999989,3.3,1.0,0.0,5.4,4.7,0.5499999999999989,1.7,8.1,0.5499999999999989,1.1,2.9,0.0,1.4,3.7,1.6499999999999968,1.2,0.2,0.0,2.5,0.6,0.5499999999999989,2.6,0.1,0.0,4.5
232,18.2,0.5751909278877045,0.499,0.017,0.484,14.3,6.6,5.2,0.023,0.9,0.077,0.0,24.1,3.099999999999998,0.6,11.1,0.5499999999999989,4.3,1.1,0.0,4.7,3.9,0.5499999999999989,1.4,8.4,0.5499999999999989,1.4,3.4,0.0,0.9,3.9,1.6499999999999968,0.9,0.3,0.0,2.4,0.2,0.0,1.6,0.0,0.0,4.5
233,16.2,0.5470110608345903,0.481,0.016999999999999998,0.502,11.7,6.6,4.5,0.025,0.8960000000000001,0.079,0.0,23.9,2.549999999999999,0.4,11.0,0.5499999999999989,4.2,0.8,0.0,3.9,3.3,0.5499999999999989,1.5,8.6,1.0,1.1,4.0,0.0,0.4,4.1,1.6499999999999968,1.1,0.4,0.0,1.8,0.9,0.0,1.8,0.4,0.5499999999999989,4.5
234,16.7,0.5619095803315752,0.449,0.019,0.532,12.3,6.5,4.5,0.027000000000000003,0.8939999999999999,0.079,0.1,24.2,3.0,0.6,10.5,0.0,4.4,1.2,0.0,4.4,3.6,1.0,0.9,10.0,1.0,0.9,5.0,0.0,0.8,4.8,1.0999999999999979,0.8,0.6,0.0,2.2,0.8,0.0,1.6,0.7,0.5499999999999989,4.5
235,17.0,0.6261720089512666,0.437,0.016,0.5469999999999999,13.9,5.2,4.3,0.026000000000000002,0.89,0.08399999999999999,0.0,24.5,3.0,0.5,9.9,0.0,3.1,0.2,0.0,4.8,4.9,0.5499999999999989,1.9,10.6,0.5499999999999989,1.2,5.9,0.0,0.5,5.5,0.5499999999999989,0.5,1.2,0.5499999999999989,2.1,1.0,0.0,2.4,0.7,0.0,4.5
236,18.9,0.553037724394546,0.45099999999999996,0.018,0.531,13.2,7.3,3.6,0.028000000000000004,0.884,0.088,0.0,24.6,4.0,0.3,9.5,0.0,4.8,0.2,0.0,3.7,4.4,0.5499999999999989,1.6,10.4,0.5499999999999989,1.7,5.4,0.0,1.0,5.8,0.0,1.3,1.2,0.5499999999999989,2.3,0.8,0.5499999999999989,2.2,0.2,0.0,4.5
237,17.4,0.5802073285219739,0.449,0.018,0.533,14.3,5.8,4.4,0.027000000000000003,0.877,0.096,0.0,24.8,4.099999999999998,0.3,9.6,0.5499999999999989,3.8,0.0,0.0,4.4,4.6,0.0,1.7,10.3,1.0,1.5,5.5,0.0,0.7,6.0,0.0,1.3,0.8,0.0,1.8,1.2,0.0,1.9,0.2,0.0,4.5
238,17.6,0.5578134763786938,0.43600000000000005,0.015000000000000003,0.549,12.7,6.5,4.2,0.023,0.877,0.1,0.2,25.1,4.0,1.0,9.0,0.0,4.3,0.0,0.0,4.9,3.2,0.0,1.2,11.6,0.5499999999999989,0.9,5.6,0.0,0.9,6.2,0.0,0.7,0.8,0.0,2.3,1.0,0.0,1.2,0.4,0.5499999999999989,4.5
239,17.4,0.5815455612069389,0.422,0.013000000000000001,0.5650000000000001,13.4,5.2,5.3,0.023,0.8710000000000001,0.10600000000000001,0.2,24.9,3.549999999999999,0.3,8.2,0.0,4.5,0.0,0.0,4.6,3.1,0.0,0.9,11.9,0.5499999999999989,0.5,6.3,0.5499999999999989,0.9,6.6,0.0,1.4,1.2,0.0,2.1,1.9,0.5499999999999989,2.0,0.3,0.0,4.5
240,17.5,0.5461111111111111,0.42299999999999993,0.015,0.562,12.2,6.5,3.9,0.026000000000000002,0.866,0.10799999999999998,0.1,24.6,2.549999999999999,0.5,7.7,1.0,4.1,0.0,0.0,4.1,2.9,0.5499999999999989,1.9,13.1,0.5499999999999989,1.5,6.9,0.5499999999999989,0.5,6.5,0.0,1.2,1.0,0.0,1.6,2.2,0.5499999999999989,2.0,0.5,0.0,4.5
241,16.8,0.6423330417210873,0.43,0.016999999999999998,0.553,14.4,4.8,3.9,0.034999999999999996,0.8539999999999999,0.11099999999999999,0.0,24.5,2.549999999999999,0.5,6.9,1.549999999999999,4.7,0.1,0.0,3.8,3.7,0.5499999999999989,2.3,13.3,0.5499999999999989,1.9,6.0,1.0,0.6,6.5,0.0,0.6,1.0,0.0,1.4,2.3,0.5499999999999989,1.0,0.6,0.0,4.5
242,14.9,0.6225714648941194,0.42000000000000004,0.022,0.558,12.2,3.8,3.7,0.036,0.851,0.11299999999999999,0.1,24.3,2.549999999999999,1.0,6.7,1.549999999999999,2.6,0.0,0.0,5.1,4.4,0.5499999999999989,1.1,13.0,1.0999999999999979,1.5,5.9,1.0,1.1,6.3,0.0,0.5,1.1,0.5499999999999989,0.8,2.2,0.0,1.1,1.4,1.6499999999999968,4.5
243,16.8,0.5498136567893601,0.40199999999999997,0.024,0.5740000000000001,11.4,6.3,2.8,0.036,0.8480000000000001,0.11599999999999999,0.0,24.0,2.549999999999999,0.5,6.2,1.549999999999999,4.7,0.3,0.0,4.0,4.3,0.5499999999999989,1.4,14.3,1.549999999999999,1.7,6.0,1.549999999999999,0.7,5.9,0.0,0.8,1.2,0.0,1.3,2.7,0.5499999999999989,1.7,1.7,1.6499999999999968,4.5
244,16.7,0.5669857880456257,0.394,0.020999999999999998,0.585,12.8,5.8,4.2,0.031,0.8470000000000001,0.122,0.0,24.1,2.549999999999999,0.7,6.0,1.0,4.4,0.0,0.0,4.9,5.1,0.5499999999999989,1.2,15.2,1.0,0.9,5.8,1.549999999999999,1.1,5.7,0.0,1.3,1.4,0.0,1.0,3.0,0.5499999999999989,1.2,2.2,0.5499999999999989,4.5
245,17.6,0.5985817851738904,0.387,0.019,0.5940000000000001,13.8,5.9,3.6,0.032,0.843,0.125,0.1,24.4,2.0,1.1,5.5,0.5499999999999989,4.7,0.0,0.0,3.8,4.3,0.5499999999999989,0.9,17.5,1.0,1.6,6.9,1.549999999999999,1.2,5.4,0.5499999999999989,0.8,0.4,0.0,1.5,3.2,0.0,1.9,2.4,0.5499999999999989,4.5
246,17.7,0.5962497985885082,0.399,0.017,0.584,13.7,5.6,4.1,0.03,0.8480000000000001,0.122,0.0,23.8,1.0,0.9,4.9,0.5499999999999989,4.6,0.0,0.0,4.6,3.4,0.5499999999999989,2.2,18.5,0.5499999999999989,0.5,6.8,2.099999999999998,0.7,5.0,1.0,0.9,0.4,0.0,1.9,3.7,0.0,1.4,1.9,0.5499999999999989,4.5
247,16.4,0.636410461313712,0.39299999999999996,0.013000000000000001,0.594,13.3,5.3,3.4,0.027000000000000003,0.852,0.121,0.3,23.5,1.0,0.4,4.0,0.0,4.7,0.0,0.0,4.0,2.8,0.5499999999999989,1.7,18.6,1.0,0.9,7.7,1.549999999999999,0.7,5.0,0.5499999999999989,0.6,0.8,0.0,1.9,3.2,0.0,1.2,2.1,0.0,4.5
248,19.4,0.5440258820699997,0.395,0.019,0.586,12.7,7.6,4.2,0.032,0.8460000000000001,0.122,0.0,23.1,1.549999999999999,0.4,3.8,0.0,4.9,0.0,0.0,5.9,3.0,1.0,1.5,18.7,1.0,0.8,8.7,2.0,0.8,5.3,1.0,0.8,1.0,0.0,2.3,2.8,0.5499999999999989,2.0,2.4,0.5499999999999989,4.5
249,16.6,0.567040044790174,0.389,0.020999999999999998,0.5900000000000001,13.1,5.6,5.4,0.028000000000000004,0.851,0.121,0.1,23.2,1.549999999999999,0.4,3.4,0.0,3.4,0.0,0.0,4.7,1.5,0.0,1.5,18.2,2.0,1.1,10.1,2.0,1.0,5.3,1.0,1.2,0.9,0.5499999999999989,1.1,2.9,0.5499999999999989,2.1,2.8,0.0,4.5
250,15.2,0.5681909902962534,0.362,0.017,0.621,11.4,5.4,3.9,0.025,0.8550000000000001,0.12000000000000002,0.2,23.1,1.549999999999999,0.5,3.2,0.0,4.2,0.0,0.0,3.5,2.0,0.0,1.5,19.0,2.549999999999999,0.8,10.5,1.0999999999999979,1.0,5.2,0.5499999999999989,0.7,0.8,0.5499999999999989,1.6,3.5,0.5499999999999989,1.2,2.4,0.0,4.5
251,16.4,0.5281483860342556,0.361,0.016,0.623,11.9,6.0,3.9,0.024,0.8560000000000001,0.12000000000000002,0.0,23.0,2.0,0.6,3.1,0.0,4.4,0.0,0.0,3.5,1.9,0.5499999999999989,2.1,19.6,1.549999999999999,1.5,11.8,1.0999999999999979,0.3,5.2,0.5499999999999989,0.9,1.1,0.0,1.4,3.3,0.5499999999999989,1.7,2.5,0.5499999999999989,4.5
252,15.5,0.5152659637522721,0.351,0.016,0.633,10.7,6.1,4.2,0.024,0.852,0.124,0.0,22.9,1.549999999999999,0.4,2.7,0.0,4.4,0.0,0.0,4.1,1.8,0.0,1.9,19.7,1.549999999999999,1.7,11.5,1.549999999999999,0.4,5.7,0.5499999999999989,0.4,1.1,0.0,1.5,4.1,1.0,0.7,1.8,0.5499999999999989,4.5
253,16.9,0.48921849110997184,0.348,0.013000000000000001,0.639,11.3,6.9,4.7,0.02,0.8550000000000001,0.125,0.3,22.6,1.549999999999999,0.9,2.6,0.0,5.1,0.0,0.0,4.1,2.1,0.0,1.3,20.1,1.0,1.8,11.1,1.0,0.7,6.3,0.5499999999999989,0.7,1.3,0.0,1.5,4.6,1.0,0.5,1.9,0.5499999999999989,4.5
254,13.9,0.5785192000981475,0.339,0.011,0.65,11.8,3.9,4.8,0.019,0.859,0.12200000000000003,0.1,21.8,1.0,0.3,2.3,0.0,3.0,0.0,0.0,3.7,2.4,0.0,1.8,20.6,1.0,0.8,11.1,1.0,0.6,6.5,0.5499999999999989,0.5,1.4,0.0,1.7,4.4,1.0,1.4,2.1,0.0,4.5
255,15.0,0.5833521586772361,0.341,0.012,0.647,10.8,4.8,2.9,0.017,0.865,0.11800000000000002,0.1,21.6,1.0,0.1,2.2,0.0,4.1,0.0,0.0,3.6,2.6,0.0,2.6,20.6,0.5499999999999989,1.4,11.5,0.5499999999999989,0.6,6.7,0.5499999999999989,0.5,1.5,0.0,1.0,4.1,2.099999999999998,1.0,2.1,0.5499999999999989,4.5
256,15.7,0.5912627776825226,0.335,0.009,0.656,11.5,5.3,3.5,0.016,0.8710000000000001,0.11300000000000002,0.0,21.4,1.0,0.5,2.2,0.0,4.4,0.0,0.0,3.7,3.5,0.0,2.4,18.7,0.5499999999999989,0.5,12.0,0.5499999999999989,0.5,7.5,0.0,0.9,1.5,0.0,0.9,4.7,1.6499999999999968,1.9,2.6,0.0,4.5
257,15.7,0.5723927345537757,0.33799999999999997,0.009,0.6529999999999999,11.8,5.2,3.7,0.018,0.875,0.10700000000000001,0.2,21.1,1.0,0.7,1.9,0.5499999999999989,4.5,0.0,0.0,3.1,3.9,0.0,1.7,17.9,0.5499999999999989,1.5,12.6,0.5499999999999989,0.7,7.4,0.0,0.4,1.3,0.0,1.4,5.0,1.0999999999999979,1.5,2.7,0.5499999999999989,4.5
258,15.3,0.4949005847953217,0.329,0.008,0.663,10.0,6.5,3.9,0.018,0.876,0.10600000000000001,0.2,20.7,1.0,0.6,1.5,0.5499999999999989,4.5,0.0,0.0,4.0,4.5,0.0,1.5,17.8,0.0,1.1,12.9,0.0,0.2,7.2,0.5499999999999989,0.8,1.3,0.0,1.2,5.4,0.5499999999999989,1.2,2.5,1.0,4.5
259,16.8,0.522880098275283,0.34199999999999997,0.006,0.652,11.9,6.3,5.0,0.014000000000000002,0.882,0.10400000000000001,0.0,20.5,0.5499999999999989,0.3,1.2,0.5499999999999989,4.8,0.0,0.0,3.7,4.0,0.0,2.4,17.9,0.0,1.4,13.0,0.5499999999999989,1.1,7.7,1.0,0.6,1.7,0.0,1.3,5.5,0.0,1.2,2.4,0.5499999999999989,4.5
260,14.7,0.5846887071439502,0.33599999999999997,0.007000000000000001,0.657,11.8,4.2,4.8,0.018,0.8789999999999999,0.10300000000000001,0.0,20.1,0.5499999999999989,0.6,1.2,0.5499999999999989,3.0,0.0,0.0,3.8,3.8,0.0,1.8,17.8,0.0,1.8,12.9,1.0,0.5,7.9,1.0,0.9,1.8,0.0,1.2,6.4,0.0,1.1,2.5,0.5499999999999989,4.5
261,16.3,0.6644187307186364,0.344,0.009,0.647,13.2,4.1,3.1,0.022,0.877,0.101,0.1,20.0,0.5499999999999989,0.5,0.8,0.5499999999999989,4.6,0.0,0.0,4.2,4.2,0.5499999999999989,2.0,17.4,0.5499999999999989,1.2,12.8,1.0,1.2,8.0,0.5499999999999989,0.5,1.4,0.0,0.8,6.4,0.5499999999999989,1.2,2.4,0.5499999999999989,4.5
262,15.1,0.6146607972923762,0.359,0.012,0.629,11.2,4.7,3.3,0.020999999999999998,0.882,0.097,0.1,19.4,0.0,0.5,0.7,0.5499999999999989,3.6,0.1,0.0,4.2,3.5,0.5499999999999989,2.1,17.0,1.0,0.7,12.9,1.0,0.4,7.2,0.5499999999999989,0.8,1.6,0.0,1.8,6.6,1.0,0.9,2.9,1.0,4.5
263,15.7,0.5510733564680933,0.34500000000000003,0.013000000000000001,0.642,11.0,5.4,3.9,0.025,0.882,0.093,0.1,19.1,0.0,0.9,0.8,0.0,3.7,0.1,0.0,4.1,3.5,1.549999999999999,1.8,16.3,1.549999999999999,0.8,13.2,0.5499999999999989,0.9,7.8,0.5499999999999989,0.8,1.5,0.0,1.4,7.2,1.0,1.2,3.3,1.0,4.5
264,12.8,0.4854122013177741,0.302,0.019,0.679,8.5,5.1,4.3,0.027000000000000003,0.882,0.091,0.1,18.7,0.0,0.7,0.5,0.0,4.1,0.0,0.0,2.5,4.2,1.549999999999999,2.4,15.9,1.549999999999999,1.1,14.0,0.0,0.4,7.6,1.0,0.6,1.4,0.0,0.5,8.0,2.649999999999997,0.4,4.9,1.0,4.5
265,14.6,0.6267887571365833,0.309,0.013000000000000001,0.678,12.0,3.9,3.7,0.019,0.893,0.088,0.0,18.2,0.0,0.2,0.5,0.0,2.9,0.0,0.0,4.1,5.0,1.0,2.7,15.1,0.0,1.2,14.5,0.0,0.7,7.6,1.0,0.9,1.9,0.0,1.0,8.7,3.099999999999998,0.9,5.6,0.5499999999999989,4.5
266,14.7,0.6300574640357922,0.325,0.01,0.665,11.2,4.4,2.6,0.019,0.8949999999999999,0.086,0.0,18.0,0.5499999999999989,0.3,0.5,0.0,3.5,0.2,0.0,4.1,4.1,0.5499999999999989,2.0,13.5,0.0,1.3,14.9,1.0999999999999979,1.0,7.9,0.5499999999999989,0.3,1.7,0.0,1.5,8.7,2.099999999999998,0.7,5.8,0.5499999999999989,4.5
267,15.0,0.5159058705941147,0.321,0.017,0.662,9.8,5.9,3.5,0.020999999999999998,0.8939999999999999,0.08499999999999999,0.0,17.7,0.5499999999999989,0.6,0.5,0.0,4.0,0.2,0.0,3.5,4.2,1.0,2.1,12.8,0.0,1.3,14.7,1.549999999999999,0.3,7.9,1.549999999999999,0.7,2.1,0.5499999999999989,1.2,8.2,3.1999999999999957,1.3,6.5,0.5499999999999989,4.5
268,17.4,0.5466714128783094,0.31,0.012,0.678,12.6,6.6,3.8,0.016,0.9039999999999999,0.08,0.3,17.5,0.5499999999999989,1.0,0.2,0.0,5.1,0.0,0.0,5.1,6.0,0.5499999999999989,1.7,12.0,0.0,1.2,15.1,1.549999999999999,0.9,8.3,1.0,0.5,2.3,0.0,0.7,8.8,2.099999999999998,0.9,6.9,0.5499999999999989,4.5
269,14.7,0.529088769174918,0.315,0.013000000000000001,0.6719999999999999,11.1,4.8,5.2,0.019,0.9,0.081,0.0,16.9,0.5499999999999989,0.4,0.0,0.0,4.2,0.0,0.0,3.4,4.7,0.5499999999999989,2.3,11.9,0.0,1.6,15.8,1.549999999999999,0.2,8.0,1.0,0.6,2.2,0.0,1.1,9.6,1.0999999999999979,0.9,6.8,1.549999999999999,4.5
270,14.6,0.5951721611721612,0.33399999999999996,0.009,0.657,10.9,5.0,3.3,0.015,0.906,0.079,0.1,16.6,0.5499999999999989,0.6,0.0,0.0,2.9,0.0,0.0,2.9,3.9,0.5499999999999989,1.5,10.7,0.0,1.5,15.5,0.5499999999999989,1.1,8.4,0.5499999999999989,1.1,2.6,0.0,1.7,9.6,0.0,1.2,6.8,1.549999999999999,4.5
271,14.2,0.710860929351978,0.33399999999999996,0.006,0.6599999999999999,12.8,3.0,3.1,0.013000000000000001,0.9099999999999999,0.077,0.4,16.3,0.5499999999999989,0.5,0.0,0.0,3.3,0.0,0.0,3.4,4.3,0.5499999999999989,2.1,10.3,0.0,1.2,15.3,0.0,0.3,7.9,0.0,0.5,2.9,0.0,1.1,9.6,0.0,1.4,7.5,1.549999999999999,4.5
272,12.2,0.606698155645524,0.316,0.008,0.6759999999999999,9.2,3.6,2.3,0.013000000000000001,0.9109999999999999,0.076,0.0,15.8,0.5499999999999989,0.4,0.0,0.0,3.1,0.3,0.0,3.4,4.1,1.0,1.5,9.8,0.5499999999999989,0.6,15.1,1.0,0.3,8.4,0.0,1.0,3.0,0.0,1.3,10.3,0.5499999999999989,0.6,8.4,0.5499999999999989,4.5
273,14.9,0.6189020754500631,0.313,0.01,0.6769999999999999,11.3,4.0,3.1,0.013000000000000001,0.9109999999999999,0.076,0.3,15.3,0.5499999999999989,0.6,0.0,0.0,3.0,0.1,0.0,3.8,4.3,1.0,1.9,10.3,0.5499999999999989,1.7,15.7,1.0,0.9,8.8,1.0999999999999979,0.2,3.2,0.0,1.4,11.1,1.0,1.1,8.6,0.0,4.5
274,13.7,0.616667450196862,0.308,0.008,0.6839999999999999,10.7,3.8,3.1,0.015,0.909,0.07599999999999998,0.3,14.5,0.5499999999999989,0.2,0.0,0.0,3.1,0.0,0.0,2.8,5.5,0.5499999999999989,1.9,9.9,0.5499999999999989,1.2,15.0,0.5499999999999989,0.8,8.8,1.0999999999999979,0.6,3.6,0.0,1.5,11.5,1.0,1.3,8.6,0.0,4.5
275,15.9,0.5494347475560291,0.294,0.011,0.6950000000000001,10.9,5.6,3.0,0.013000000000000001,0.9129999999999999,0.074,0.2,13.9,0.5499999999999989,0.8,0.0,0.0,4.3,0.0,0.0,3.1,5.2,1.0,2.7,9.3,0.0,0.5,16.0,1.549999999999999,0.9,8.5,1.0999999999999979,0.9,4.1,0.0,1.7,11.6,1.549999999999999,0.8,9.4,0.0,4.5
276,10.6,0.4730664897537962,0.281,0.012,0.7070000000000001,7.7,4.0,4.3,0.013000000000000001,0.913,0.074,0.0,13.5,0.5499999999999989,1.5,0.0,0.0,1.6,0.0,0.0,2.8,5.4,1.0,1.3,8.3,0.0,0.8,16.2,1.549999999999999,0.4,8.3,1.0999999999999979,0.8,3.9,0.0,0.7,11.9,1.549999999999999,0.7,10.0,0.5499999999999989,4.5
277,10.4,0.5576712614870509,0.26,0.008,0.732,7.7,3.5,2.7,0.009,0.917,0.074,0.0,13.4,0.5499999999999989,1.1,0.0,0.0,2.3,0.0,0.0,2.5,5.5,0.5499999999999989,0.9,8.4,0.0,1.2,17.2,1.549999999999999,0.3,8.9,0.5499999999999989,0.4,3.7,0.0,0.9,12.7,0.5499999999999989,0.8,10.1,0.5499999999999989,4.5
278,10.7,0.6029283805289998,0.248,0.006,0.746,8.9,2.5,2.5,0.007000000000000001,0.9199999999999999,0.073,0.2,13.3,0.5499999999999989,0.5,0.0,0.0,2.8,0.2,0.0,2.2,6.0,0.0,1.5,8.6,0.0,1.2,17.4,1.0999999999999979,0.9,9.2,0.5499999999999989,0.5,3.8,0.0,0.5,13.1,0.5499999999999989,0.4,10.3,0.5499999999999989,4.5
279,12.4,0.6447585747585747,0.253,0.004,0.743,9.2,3.5,2.1,0.006,0.922,0.072,0.0,13.0,0.5499999999999989,0.8,0.0,0.0,2.7,0.0,0.0,2.8,5.5,0.0,1.1,8.2,0.0,1.2,17.7,0.0,0.8,8.7,0.5499999999999989,0.5,3.7,0.0,0.9,14.8,0.5499999999999989,1.6,10.4,0.5499999999999989,4.5
280,10.2,0.622987012987013,0.24700000000000003,0.005,0.748,8.1,3.2,2.2,0.007000000000000001,0.9209999999999999,0.072,0.2,12.7,0.5499999999999989,1.2,0.0,0.0,1.8,0.1,0.0,2.4,5.4,0.5499999999999989,1.3,8.3,0.0,1.1,17.6,0.0,0.4,8.5,0.5499999999999989,0.6,3.8,0.5499999999999989,0.9,14.9,0.0,0.3,9.9,0.5499999999999989,4.5
281,7.8,0.6333585858585858,0.221,0.005,0.774,6.5,1.7,2.6,0.007000000000000001,0.9219999999999999,0.071,0.1,12.4,0.5499999999999989,0.2,0.1,0.0,1.4,0.0,0.0,1.4,5.8,0.5499999999999989,1.5,8.1,0.0,0.7,17.9,0.0,0.5,8.4,0.0,0.2,4.0,0.5499999999999989,1.3,15.8,0.5499999999999989,0.5,10.4,0.5499999999999989,4.5
282,9.3,0.6923938561438561,0.21000000000000002,0.004,0.786,7.3,2.6,0.9,0.006999999999999999,0.9219999999999999,0.071,0.0,11.8,0.0,0.1,0.1,0.0,2.5,0.0,0.0,2.0,7.1,0.0,1.6,7.7,0.0,0.7,18.5,0.0,0.4,8.6,0.0,0.4,4.6,0.5499999999999989,1.0,15.9,1.0,0.6,10.5,0.5499999999999989,4.5
283,9.9,0.6551906916612799,0.20800000000000002,0.004,0.788,8.0,2.2,2.1,0.006,0.9259999999999999,0.068,0.1,11.7,0.0,0.4,0.0,0.0,1.9,0.1,0.0,2.0,7.3,0.0,1.7,7.0,0.0,1.3,19.0,0.0,0.4,8.8,0.0,0.4,4.8,0.0,1.0,16.2,1.549999999999999,0.7,11.0,0.5499999999999989,4.5
284,11.0,0.6113683048977167,0.22400000000000003,0.005,0.771,7.8,3.4,1.9,0.008,0.924,0.068,0.3,11.5,0.0,0.8,0.0,0.0,2.1,0.2,0.0,1.9,6.7,0.0,1.9,6.4,0.0,0.7,19.0,0.0,0.7,9.1,0.5499999999999989,0.7,4.7,0.0,0.7,15.7,1.549999999999999,1.2,11.3,0.5499999999999989,4.5
285,10.7,0.5985708151497625,0.22200000000000003,0.008,0.77,8.2,3.1,2.5,0.011,0.922,0.067,0.3,11.2,0.5499999999999989,0.3,0.0,0.0,2.0,0.3,0.0,2.5,7.5,0.0,1.2,5.8,0.0,1.1,19.6,0.5499999999999989,0.8,8.8,0.5499999999999989,0.7,4.6,0.0,1.1,15.8,1.549999999999999,0.7,11.1,0.5499999999999989,4.5
286,11.0,0.5603905962458594,0.21800000000000003,0.011,0.771,7.5,3.9,2.6,0.015,0.917,0.06799999999999999,0.3,11.2,0.5499999999999989,0.8,0.0,0.0,2.0,0.4,0.0,2.0,6.9,0.5499999999999989,2.1,5.5,0.5499999999999989,0.8,20.0,1.0999999999999979,0.6,8.5,0.5499999999999989,0.7,4.1,0.0,0.6,16.4,1.549999999999999,1.1,11.5,0.5499999999999989,4.5
287,9.8,0.5184095795508838,0.215,0.012,0.773,7.0,3.1,3.5,0.016,0.915,0.06899999999999999,0.3,10.8,0.5499999999999989,1.2,0.0,0.0,2.1,0.3,0.0,2.1,6.8,0.5499999999999989,1.1,5.1,0.5499999999999989,0.5,20.6,1.0999999999999979,0.2,8.6,0.0,0.6,4.0,0.0,1.1,16.8,1.549999999999999,0.6,11.2,1.0999999999999979,4.5
